"no","generasi","pertanyaan","pertanyaan_ner","lapis_terjemahan","sql_asli_1baris","sql_dipakai_1baris","error"
"1","v1","""buatkan data perbedaan hasil pengawasan iklan obat antara hasil verifikasi balai dan hasil verifikasi pusat dalam bentuk grafik dan narasi.""","""buatkan data perbedaan hasil pengawasan iklan obat antara hasil verifikasi <HALL NAME> dan hasil verifikasi <HALL NAME> dalam bentuk grafik dan narasi.""","relasi vw_pengawasan_v2→mv_pengawasan","SELECT kesimpulan_penilaian_balai, kesimpulan_penilaian_pusat, COUNT(*) AS jumlah FROM vw_pengawasan_v2 GROUP BY kesimpulan_penilaian_balai, kesimpulan_penilaian_pusat ORDER BY kesimpulan_penilaian_balai, kesimpulan_penilaian_pusat;","SELECT kesimpulan_penilaian_balai, kesimpulan_penilaian_pusat, COUNT(*) AS jumlah FROM mv_pengawasan GROUP BY kesimpulan_penilaian_balai, kesimpulan_penilaian_pusat ORDER BY kesimpulan_penilaian_balai, kesimpulan_penilaian_pusat;",""
"2","v1","""buatkan pengelompokan iklan obat mk/tmk berdasarkan materi yang sama dari semua upt yang melaporkan materi iklan tersebut.""","""buatkan pengelompokan iklan obat <PRODUCT NAME> berdasarkan materi yang sama dari semua upt yang melaporkan materi iklan tersebut.""","relasi vw_pengawasan_v2→mv_pengawasan","SELECT media_iklan, nama_balai, kesimpulan_penilaian_akhir , count(*) FROM vw_pengawasan_v2 WHERE lower(komoditi) IN ('obat') GROUP BY media_iklan, nama_balai, kesimpulan_penilaian_akhir ORDER BY media_iklan;","SELECT media_iklan, nama_balai, kesimpulan_penilaian_akhir , count(*) FROM mv_pengawasan WHERE lower(komoditi) IN ('obat') GROUP BY media_iklan, nama_balai, kesimpulan_penilaian_akhir ORDER BY media_iklan;",""
"3","v1","""buatkan pengelompokan iklan obat tradisional; suplemen kesehatan; obat kuasi mk/tmk berdasarkan materi yang sama dari semua upt yang melaporkan materi iklan yang sama.""","""buatkan pengelompokan iklan <CLASSIFICATION>; <CLASSIFICATION>; <CLASSIFICATION> berdasarkan materi yang sama dari semua upt yang melaporkan materi iklan yang sama.""","relasi vw_pengawasan_v2→mv_pengawasan","SELECT nama_produk, media_iklan, nama_balai FROM vw_pengawasan_v2 WHERE lower(komoditi) IN ('obat tradisional (ot)', 'suplemen kesehatan', 'obat kuasi') GROUP BY nama_produk, media_iklan, nama_balai","SELECT nama_produk, media_iklan, nama_balai FROM mv_pengawasan WHERE lower(komoditi) IN ('obat tradisional (ot)', 'suplemen kesehatan', 'obat kuasi') GROUP BY nama_produk, media_iklan, nama_balai",""
"4","v1","""tampilkan data hasil kesimpulan tmk berdasarkan hasil verifikasi pusat dengan hasil verifikasi balai mk pada rentang waktu antara tanggal mulai dan tanggal selesai 2 minggu.""","""tampilkan data hasil <CONCLUSION TYPE> berdasarkan hasil verifikasi pusat dengan hasil verifikasi balai mk pada rentang waktu antara tanggal mulai dan tanggal selesai 2 minggu.""","relasi vw_pengawasan_v2→mv_pengawasan","SELECT * FROM public.vw_pengawasan_v2 WHERE kesimpulan_penilaian_pusat = kesimpulan_penilaian_balai AND kesimpulan_penilaian_pusat = 'TMK' AND tgl_start >= (SELECT (current_date - interval '2 week')) AND tgl_end <= current_date","SELECT * FROM mv_pengawasan WHERE kesimpulan_penilaian_pusat = kesimpulan_penilaian_balai AND kesimpulan_penilaian_pusat = 'TMK' AND tgl_start >= (SELECT (current_date - interval '2 week')) AND tgl_end <= current_date",""
"5","v1","""tampilkan data hasil kesimpulan tmk berdasarkan hasil verifikasi pusat pada rentang waktu antara tanggal mulai dan tanggal selesai 2 minggu.""","""tampilkan data hasil <CONCLUSION TYPE> berdasarkan hasil verifikasi pusat pada rentang waktu antara tanggal mulai dan tanggal selesai 2 minggu.""","relasi vw_pengawasan_v2→mv_pengawasan","SELECT * FROM public.vw_pengawasan_v2 WHERE kesimpulan_penilaian_pusat = 'TMK' AND tgl_start = tgl_end - INTERVAL '14 days';","SELECT * FROM mv_pengawasan WHERE kesimpulan_penilaian_pusat = 'TMK' AND tgl_start = tgl_end - INTERVAL '14 days';",""
"6","v1","""tampilkan data hasil kesimpulan tmk berdasarkan hasil verifikasi pusat pada rentang waktu antara tanggal mulai dan tanggal selesai 2 minggu.""","""tampilkan data hasil <CONCLUSION TYPE> berdasarkan hasil verifikasi pusat pada rentang waktu antara tanggal mulai dan tanggal selesai 2 minggu.""","relasi vw_pengawasan_v2→mv_pengawasan","SELECT * FROM public.vw_pengawasan_v2 WHERE kesimpulan_penilaian_pusat = 'TMK' AND tgl_end <= tgl_start + INTERVAL '14 days';","SELECT * FROM mv_pengawasan WHERE kesimpulan_penilaian_pusat = 'TMK' AND tgl_end <= tgl_start + INTERVAL '14 days';",""
"7","v1","""tampilkan data iklan yang dilaporkan mk/tmk dari masing-masing upt berdasarkan nama produk, jenis pangan, produsen, kabupaten/provinsi produsen, media iklan, jenis pembuat iklan (pelaku usaha/peroran","""tampilkan data iklan yang dilaporkan mk/tmk dari masing-masing upt berdasarkan nama produk, jenis pangan, produsen, kabupaten/provinsi produsen, media iklan, jenis pembuat iklan (pelaku usaha/peroran","relasi vw_pengawasan_v2→mv_pengawasan","SELECT nama_balai, nama_produk, media_iklan, komoditi, SUM(CASE WHEN kesimpulan_penilaian_akhir = 'MK' THEN 1 ELSE 0 END) AS jumlah_mk, SUM(CASE WHEN kesimpulan_penilaian_akhir = 'TMK' THEN 1 ELSE 0 END) AS jumlah_tmk FROM vw_pengawasan_v2 WHERE extract(year from tgl_end) = 2025 AND kesimpulan_penilaian_akhir IN ('MK', 'TMK') GROUP BY -- Mengelompokkan berdasarkan semua kategori yang diminta nama_balai, nama_produk, media_iklan, komoditi ORDER BY nama_balai, nama_produk;","SELECT nama_balai, nama_produk, media_iklan, komoditi, SUM(CASE WHEN kesimpulan_penilaian_akhir = 'MK' THEN 1 ELSE 0 END) AS jumlah_mk, SUM(CASE WHEN kesimpulan_penilaian_akhir = 'TMK' THEN 1 ELSE 0 END) AS jumlah_tmk FROM mv_pengawasan WHERE extract(year from tgl_end) = 2025 AND kesimpulan_penilaian_akhir IN ('MK', 'TMK') GROUP BY -- Mengelompokkan berdasarkan semua kategori yang diminta nama_balai, nama_produk, media_iklan, komoditi ORDER BY nama_balai, nama_produk;",""
"8","v1","""tampilkan data iklan yang dilaporkan mk/tmk dari masing-masing upt yang dikategorikan berdasarkan nama produk, industri farmasi, media publikasi, dan golongan obat dengan status selesai pada rentang ","""tampilkan data iklan yang dilaporkan mk/tmk dari masing-masing upt yang dikategorikan berdasarkan nama produk, <PRODUCT NAME>, media publikasi, dan <CLASSIFICATION> dengan status <CONCLUSION TYPE> pa","relasi vw_pengawasan_v2→mv_pengawasan","SELECT nama_produk, pendaftar AS industri_farmasi, media_iklan, lower(komoditi) AS golongan_obat, nama_balai AS upt, kesimpulan_penilaian_balai AS kesimpulan_upt FROM public.vw_pengawasan_v2 WHERE tgl_start >= '2024-06-25' AND tgl_end <= '2024-06-30'","SELECT nama_produk, pendaftar AS industri_farmasi, media_iklan, lower(komoditi) AS golongan_obat, nama_balai AS upt, kesimpulan_penilaian_balai AS kesimpulan_upt FROM mv_pengawasan WHERE tgl_start >= '2024-06-25' AND tgl_end <= '2024-06-30'",""
"9","v1","""tampilkan persentase kategori pangan yang tmk pada rentang waktu antara tanggal mulai dan tanggal selesai 2 minggu (baik secara nasional maupun per upt).""","""tampilkan persentase <CLASSIFICATION> yang tmk pada rentang waktu antara tanggal mulai dan tanggal selesai 2 minggu (baik secara nasional maupun per upt).""","relasi vw_pengawasan_v2→mv_pengawasan","SELECT nama_balai, COUNT(CASE WHEN kesimpulan_penilaian_akhir = 'TMK' THEN 1 END) AS jumlah_pemeriksaan_tmk, COUNT(*) AS jumlah_pemeriksaan_total, CASE WHEN COUNT(*) > 0 THEN ROUND( (CAST(COUNT(CASE WHEN kesimpulan_penilaian_akhir = 'TMK' THEN 1 END) AS NUMERIC) * 100.0) / COUNT(*), 2 ) ELSE 0.00 END AS persentase_tmk FROM public.vw_pengawasan_v2 WHERE tgl_end - INTERVAL '14 days' > tgl_start GROUP BY 1","SELECT nama_balai, COUNT(CASE WHEN kesimpulan_penilaian_akhir = 'TMK' THEN 1 END) AS jumlah_pemeriksaan_tmk, COUNT(*) AS jumlah_pemeriksaan_total, CASE WHEN COUNT(*) > 0 THEN ROUND( (CAST(COUNT(CASE WHEN kesimpulan_penilaian_akhir = 'TMK' THEN 1 END) AS NUMERIC) * 100.0) / COUNT(*), 2 ) ELSE 0.00 END AS persentase_tmk FROM mv_pengawasan WHERE tgl_end - INTERVAL '14 days' > tgl_start GROUP BY 1",""
"10","v1","""tampilkan tren data hasil pengawasan iklan obat tradisional; suplemen kesehatan; obat kuasi pada rentang tahun 2024-2025 berdasarkan hasil verifikasi pusat mk/tmk""","""tampilkan tren data hasil pengawasan iklan <CLASSIFICATION>; <CLASSIFICATION>; <CLASSIFICATION> pada rentang tahun <YEAR> berdasarkan hasil verifikasi pusat mk/tmk""","relasi vw_pengawasan_v2→mv_pengawasan","SELECT EXTRACT( YEAR from tgl_start ) AS tahun, komoditi, kesimpulan_penilaian_pusat, COUNT(*) AS jumlah FROM vw_pengawasan_v2 WHERE EXTRACT( YEAR from tgl_start ) BETWEEN 2024 AND 2025 AND lower(komoditi) IN ('obat tradisional (ot)', 'suplemen kesehatan', 'obat kuasi') AND kesimpulan_penilaian_pusat != '' GROUP BY tahun, komoditi, kesimpulan_penilaian_pusat ORDER BY tahun, komoditi;","SELECT EXTRACT( YEAR from tgl_start ) AS tahun, komoditi, kesimpulan_penilaian_pusat, COUNT(*) AS jumlah FROM mv_pengawasan WHERE EXTRACT( YEAR from tgl_start ) BETWEEN 2024 AND 2025 AND lower(komoditi) IN ('obat tradisional (ot)', 'suplemen kesehatan', 'obat kuasi') AND kesimpulan_penilaian_pusat != '' GROUP BY tahun, komoditi, kesimpulan_penilaian_pusat ORDER BY tahun, komoditi;",""
"11","v1","""tampilkan tren data hasil pengawasan iklan pangan (mk/tmk) pada rentang tahun 2025 berdasarkan hasil verifikasi upt""","""tampilkan tren data hasil pengawasan iklan pangan (mk/tmk) pada rentang tahun <YEAR> berdasarkan hasil verifikasi upt""","relasi vw_pengawasan_v2→mv_pengawasan","select extract(month from tgl_end) as bulan, extract(year from tgl_end) as tahun, kesimpulan_penilaian_balai, count(*) jumlah_pengawasan from vw_pengawasan_v2 where kesimpulan_penilaian_balai != '' and extract(year from tgl_end) = 2025 group by extract(month from tgl_end), extract(year from tgl_end), kesimpulan_penilaian_balai order by kesimpulan_penilaian_balai, extract(month from tgl_end), extract(year from tgl_end)","select extract(month from tgl_end) as bulan, extract(year from tgl_end) as tahun, kesimpulan_penilaian_balai, count(*) jumlah_pengawasan from mv_pengawasan where kesimpulan_penilaian_balai != '' and extract(year from tgl_end) = 2025 group by extract(month from tgl_end), extract(year from tgl_end), kesimpulan_penilaian_balai order by kesimpulan_penilaian_balai, extract(month from tgl_end), extract(year from tgl_end)",""
"12","v1","tampilkan data berapa jumlah iklan obat tradisional; suplemen kesehatan; obat kuasi yang dilaporkan oleh upt dengan hasil verifikasi pusat mk/tmk.","tampilkan data berapa jumlah iklan <COMMODITY NAME>; <COMMODITY NAME>; <COMMODITY NAME> yang dilaporkan oleh upt dengan hasil verifikasi pusat mk/tmk.","relasi vw_pengawasan_v2→mv_pengawasan","SELECT COUNT(*) FROM vw_pengawasan_v2 WHERE lower(komoditi) IN ('obat tradisional (ot)', 'suplemen kesehatan', 'obat kuasi') AND kesimpulan_penilaian_pusat = 'TMK';","SELECT COUNT(*) FROM mv_pengawasan WHERE lower(komoditi) IN ('obat tradisional (ot)', 'suplemen kesehatan', 'obat kuasi') AND kesimpulan_penilaian_pusat = 'TMK';",""
"13","v1","tampilkan data iklan yang dilaporkan mk/tmk dari masing-masing upt yang dikategorikan berdasarkan nama produk, sarana produksi, media publikasi, dan klaim dalam promosi/iklan dengan status selesai pad","tampilkan data iklan yang dilaporkan <CLASSIFICATION> dari masing-masing upt yang dikategorikan berdasarkan <PRODUCT NAME>, <FACILITY TYPE>, <CLASSIFICATION>, dan klaim dalam promosi/iklan dengan <CON","relasi vw_pengawasan_v2→mv_pengawasan","SELECT nama_balai, nama_produk, SUM(CASE WHEN kesimpulan_penilaian_akhir = 'MK' THEN 1 ELSE 0 END) AS jumlah_mk, SUM(CASE WHEN kesimpulan_penilaian_akhir = 'TMK' THEN 1 ELSE 0 END) AS jumlah_tmk FROM vw_pengawasan_v2 WHERE tgl_start >= '2024-06-10' AND tgl_end <= '2025-06-20' AND kesimpulan_penilaian_akhir IS NOT NULL AND kesimpulan_penilaian_akhir <> '' GROUP BY nama_balai, nama_produk ORDER BY nama_balai, nama_produk;","SELECT nama_balai, nama_produk, SUM(CASE WHEN kesimpulan_penilaian_akhir = 'MK' THEN 1 ELSE 0 END) AS jumlah_mk, SUM(CASE WHEN kesimpulan_penilaian_akhir = 'TMK' THEN 1 ELSE 0 END) AS jumlah_tmk FROM mv_pengawasan WHERE tgl_start >= '2024-06-10' AND tgl_end <= '2025-06-20' AND kesimpulan_penilaian_akhir IS NOT NULL AND kesimpulan_penilaian_akhir <> '' GROUP BY nama_balai, nama_produk ORDER BY nama_balai, nama_produk;",""
"14","v1","tampilkan data ketepatan waktu pelaporan oleh upt yang dihitung berdasarkan laporan yang dikirimkan tanggal kepala balai sebelum batas tanggal 9 bulan berikutnya.","tampilkan data ketepatan waktu pelaporan oleh upt yang dihitung berdasarkan laporan yang dikirimkan tanggal kepala balai sebelum batas tanggal <MONTH>.","relasi vw_pengawasan_v2→mv_pengawasan","SELECT nama_balai, tgl_start , (DATE_TRUNC('month', tgl_end) + INTERVAL '1 month' + INTERVAL '8 days')::date AS batas_waktu_pelaporan, CASE -- Check if tanggal_start is on or before the 9th day of the next month WHEN tgl_start <= (DATE_TRUNC('month', tgl_end) + INTERVAL '1 month' + INTERVAL '8 days')::date THEN 'Tepat Waktu' ELSE 'Terlambat' END AS status_ketepatan_waktu, count(*) FROM public.vw_pengawasan_v2 -- Pastikan ini adalah view/tabel yang benar GROUP BY 1,2,3, 4","SELECT nama_balai, tgl_start , (DATE_TRUNC('month', tgl_end) + INTERVAL '1 month' + INTERVAL '8 days')::date AS batas_waktu_pelaporan, CASE -- Check if tanggal_start is on or before the 9th day of the next month WHEN tgl_start <= (DATE_TRUNC('month', tgl_end) + INTERVAL '1 month' + INTERVAL '8 days')::date THEN 'Tepat Waktu' ELSE 'Terlambat' END AS status_ketepatan_waktu, count(*) FROM mv_pengawasan -- Pastikan ini adalah view/tabel yang benar GROUP BY 1,2,3, 4",""
"15","v1","tampilkan data label dengan tanggal sampling pada bulan januari 2025 yang dilaporkan ke pusat melewati batas waktu tanggal 15 februari 2025 (data label tidak tepat waktu).","tampilkan data label dengan tanggal sampling pada bulan <MONTH> <YEAR> yang dilaporkan ke pusat melewati batas waktu tanggal 15 <MONTH> <YEAR> (data label tidak tepat waktu).","relasi vw_pengawasan_v2→mv_pengawasan","SELECT * -- Select all columns for the specific label data FROM public.vw_pengawasan_v2 WHERE tgl_start >= '2025-01-01'::date -- Sampling in January 2025 (start) AND tgl_start <= '2025-01-31'::date -- Sampling in January 2025 (end) AND tgl_end > '2025-02-15'::date; -- Report sent AFTER February 15, 2025 (untimely)","SELECT * -- Select all columns for the specific label data FROM mv_pengawasan WHERE tgl_start >= '2025-01-01'::date -- Sampling in January 2025 (start) AND tgl_start <= '2025-01-31'::date -- Sampling in January 2025 (end) AND tgl_end > '2025-02-15'::date; -- Report sent AFTER February 15, 2025 (untimely)","ERROR: syntax error at or near "";"""
"16","v1","tampilkan data label yang dilaporkan mk/tmk dari masing-masing upt yang dikategorikan berdasarkan nama produk, jenis pangan, kategori pangan, produsen, kabupaten/provinsi produsen, pada rentang waktu ","tampilkan data label yang dilaporkan <CONCLUSION TYPE> dari masing-masing upt yang dikategorikan berdasarkan <PRODUCT NAME>, <COMMODITY NAME>, <CLASSIFICATION>, <COMPANY NAME>, <REGENCY NAME>/<PROVINC","relasi vw_pengawasan_v2→mv_pengawasan","SELECT nama_produk, lower(komoditi), pendaftar, nama_balai FROM public.vw_pengawasan_v2 WHERE tgl_start >= '2025-01-01' AND tgl_end <= '2025-12-31' GROUP BY nama_produk, lower(komoditi), pendaftar, nama_balai;","SELECT nama_produk, lower(komoditi), pendaftar, nama_balai FROM mv_pengawasan WHERE tgl_start >= '2025-01-01' AND tgl_end <= '2025-12-31' GROUP BY nama_produk, lower(komoditi), pendaftar, nama_balai;",""
"17","v1","tampilkan data upt yang tidak melaporkan iklan obat tradisional; suplemen kesehatan; obat kuasi.","tampilkan data upt yang tidak melaporkan <COMMODITY NAME>; <COMMODITY NAME>; <COMMODITY NAME>.","relasi vw_pengawasan_v2→mv_pengawasan","SELECT DISTINCT nama_balai FROM public.vw_pengawasan_v2 WHERE lower(komoditi) NOT IN ('obat tradisional (ot)', 'suplemen kesehatan', 'obat kuasi');","SELECT DISTINCT nama_balai FROM mv_pengawasan WHERE lower(komoditi) NOT IN ('obat tradisional (ot)', 'suplemen kesehatan', 'obat kuasi');",""
"18","v1","tampilkan jumlah iklan tepat waktu yang telah dikirimkan ke pusat pada upt [nama upt] pada rentang waktu 2025 (ketentuan : hasil pengawasan iklan dikirimkan ke pusat maksimal tanggal 10 bulan berikutn","tampilkan jumlah iklan tepat waktu yang telah dikirimkan ke pusat pada upt [nama upt] pada rentang waktu <YEAR> (ketentuan : hasil pengawasan iklan dikirimkan ke pusat maksimal tanggal 10 bulan beriku","relasi vw_pengawasan_v2→mv_pengawasan","SELECT CASE WHEN tgl_end <= (DATE_TRUNC('month', tgl_start) + INTERVAL '1 month' + INTERVAL '9 days')::date THEN 'Tepat Waktu' ELSE 'Terlambat' END AS status_ketepatan_waktu, count(*) FROM public.vw_pengawasan_v2 WHERE lower(nama_balai) like '%jakarta%' AND EXTRACT(YEAR FROM tgl_start) = 2025 -- Filter for the year 2025 GROUP BY 1;","SELECT CASE WHEN tgl_end <= (DATE_TRUNC('month', tgl_start) + INTERVAL '1 month' + INTERVAL '9 days')::date THEN 'Tepat Waktu' ELSE 'Terlambat' END AS status_ketepatan_waktu, count(*) FROM mv_pengawasan WHERE lower(nama_balai) like '%jakarta%' AND EXTRACT(YEAR FROM tgl_start) = 2025 -- Filter for the year 2025 GROUP BY 1;",""
"19","v1","tampilkan jumlah label tepat waktu yang telah dikirimkan ke pusat pada upt dengan nama 'balai pom di jakarta' pada rentang periode 2025 (ketentuan : hasil pengawasan label dikirimkan ke pusat maksimal","tampilkan jumlah label tepat waktu yang telah dikirimkan ke pusat pada upt dengan nama '<HALL NAME>' pada rentang periode <YEAR> (ketentuan : hasil pengawasan label dikirimkan ke pusat maksimal tangga","relasi vw_pengawasan_v2→mv_pengawasan","SELECT CASE WHEN tgl_end <= (DATE_TRUNC('month', tgl_start) + INTERVAL '1 month' + INTERVAL '14 days')::date THEN 'Tepat Waktu' ELSE 'Terlambat' END AS status_ketepatan_waktu, count(*) FROM public.vw_pengawasan_v2 WHERE lower(nama_balai) like '%jakarta%' AND EXTRACT(YEAR FROM tgl_start) = 2025 -- Filter for the year 2025 GROUP BY 1;","SELECT CASE WHEN tgl_end <= (DATE_TRUNC('month', tgl_start) + INTERVAL '1 month' + INTERVAL '14 days')::date THEN 'Tepat Waktu' ELSE 'Terlambat' END AS status_ketepatan_waktu, count(*) FROM mv_pengawasan WHERE lower(nama_balai) like '%jakarta%' AND EXTRACT(YEAR FROM tgl_start) = 2025 -- Filter for the year 2025 GROUP BY 1;",""
"20","v1","tampilkan persentase media iklan (dibandingkan seluruh iklan yang diawasi pada rentang waktu tertentu) yang diawasi pada upt dengan nama 'balai pom di jakarta' pada rentang waktu antara tanggal '2025-","tampilkan persentase media iklan (dibandingkan seluruh iklan yang diawasi pada rentang waktu tertentu) yang diawasi pada upt dengan nama '<HALL NAME>' pada rentang waktu antara tanggal '2025-01-01' da","relasi vw_pengawasan_v2→mv_pengawasan","SELECT media_iklan, count(*) FROM vw_pengawasan_v2 vpv WHERE lower(nama_balai) like '%jakarta%' AND EXTRACT(YEAR FROM tgl_start) = 2025 -- Filter for the year 2025 GROUP BY media_iklan","SELECT media_iklan, count(*) FROM mv_pengawasan vpv WHERE lower(nama_balai) like '%jakarta%' AND EXTRACT(YEAR FROM tgl_start) = 2025 -- Filter for the year 2025 GROUP BY media_iklan",""
"21","v1","tampilkan rekapitulasi jumlah laporan pengawasan iklan obat masing-masing upt yang telah dikirim ke pusat (berdasarkan tanggal kepala balai) pada periode waktu antara tanggal mulai 20 Juni 2024 hingga","tampilkan rekapitulasi jumlah laporan pengawasan iklan obat masing-masing upt yang telah dikirim ke pusat (berdasarkan tanggal kepala balai) pada periode waktu antara tanggal mulai 20 <MONTH> <YEAR> h","relasi vw_pengawasan_v2→mv_pengawasan","SELECT nama_balai, COUNT(*) AS jumlah_laporan_dikirim FROM public.vw_pengawasan_v2 vpv WHERE tgl_end >= '2024-06-20'::date AND tgl_end <= '2024-06-30'::date AND lower(komoditi) LIKE 'obat' GROUP BY nama_balai, komoditi ORDER BY count(*);","SELECT nama_balai, COUNT(*) AS jumlah_laporan_dikirim FROM mv_pengawasan vpv WHERE tgl_end >= '2024-06-20'::date AND tgl_end <= '2024-06-30'::date AND lower(komoditi) LIKE 'obat' GROUP BY nama_balai, komoditi ORDER BY count(*);",""
"22","v1","tampilkan rekapitulasi jumlah laporan pengawasan iklan obat tradisional; suplemen kesehatan; obat kuasi masing-masing upt yang telah dikirim ke pusat (berdasarkan tanggal kepala balai) pada periode wa","tampilkan rekapitulasi jumlah laporan pengawasan iklan <COMMODITY NAME>; <COMMODITY NAME>; <COMMODITY NAME> masing-masing upt yang telah dikirim ke pusat (berdasarkan tanggal kepala balai) pada period","relasi vw_pengawasan_v2→mv_pengawasan","SELECT nama_balai, SUM(CASE WHEN komoditi = 'OBAT TRADISIONAL (OT)' THEN 1 ELSE 0 END) AS jumlah_obat_tradisional, SUM(CASE WHEN komoditi = 'SUPLEMEN KESEHATAN' THEN 1 ELSE 0 END) AS jumlah_suplemen_kesehatan, SUM(CASE WHEN komoditi = 'OBAT KUASI' THEN 1 ELSE 0 END) AS jumlah_obat_kuasi, COUNT(*) AS total_laporan FROM vw_pengawasan_v2 -- atau tabel/view yang sesuai WHERE kesimpulan_penilaian_pusat != '' -- Filter 2: Hanya untuk kategori produk yang relevan AND komoditi IN ('OBAT TRADISIONAL (OT)', 'SUPLEMEN KESEHATAN', 'OBAT KUASI') AND tgl_start = tgl_end - interval '14 days' GROUP BY nama_balai ORDER BY nama_balai;","SELECT nama_balai, SUM(CASE WHEN komoditi = 'OBAT TRADISIONAL (OT)' THEN 1 ELSE 0 END) AS jumlah_obat_tradisional, SUM(CASE WHEN komoditi = 'SUPLEMEN KESEHATAN' THEN 1 ELSE 0 END) AS jumlah_suplemen_kesehatan, SUM(CASE WHEN komoditi = 'OBAT KUASI' THEN 1 ELSE 0 END) AS jumlah_obat_kuasi, COUNT(*) AS total_laporan FROM mv_pengawasan -- atau tabel/view yang sesuai WHERE kesimpulan_penilaian_pusat != '' -- Filter 2: Hanya untuk kategori produk yang relevan AND komoditi IN ('OBAT TRADISIONAL (OT)', 'SUPLEMEN KESEHATAN', 'OBAT KUASI') AND tgl_start = tgl_end - interval '14 days' GROUP BY nama_balai ORDER BY nama_balai;",""
"23","v1","tampilkan rekapitulasi jumlah laporan pengawasan iklan pangan masing-masing upt yang telah dikirim ke pusat pada periode waktu antara tanggal 1 januari 2023 dan 31 desember 2025.","tampilkan rekapitulasi jumlah laporan pengawasan iklan pangan masing-masing upt yang telah dikirim ke pusat pada periode waktu antara tanggal 1 januari <YEAR> dan 31 desember <YEAR>.","relasi vw_pengawasan_v2→mv_pengawasan","SELECT nama_balai, COUNT(*) AS jumlah_laporan FROM vw_pengawasan_v2 WHERE tgl_start >= '2023-01-01' AND tgl_end <= '2025-12-31' GROUP BY nama_balai;","SELECT nama_balai, COUNT(*) AS jumlah_laporan FROM mv_pengawasan WHERE tgl_start >= '2023-01-01' AND tgl_end <= '2025-12-31' GROUP BY nama_balai;",""
"24","v1","tampilkan rekapitulasi jumlah laporan pengawasan label pangan masing-masing upt yang telah dikirim ke pusat pada periode waktu antara tanggal mulai dan tanggal selesai 2 minggu","tampilkan <PURPOSE TYPE> masing-masing upt yang telah dikirim ke pusat pada periode waktu antara tanggal mulai dan tanggal selesai 2 minggu","relasi vw_pengawasan_v2→mv_pengawasan","SELECT nama_balai, COUNT(*) AS jumlah_laporan FROM vw_pengawasan_v2 WHERE tgl_start >= '2025-07-15' AND tgl_start <= '2025-07-29' GROUP BY nama_balai;","SELECT nama_balai, COUNT(*) AS jumlah_laporan FROM mv_pengawasan WHERE tgl_start >= '2025-07-15' AND tgl_start <= '2025-07-29' GROUP BY nama_balai;",""
"25","v1","tampilkan tren data hasil pengawasan iklan obat pada rentang tahun 2024-2025 berdasarkan hasil verifikasi pusat mk/tmk.","tampilkan tren data hasil pengawasan iklan obat pada rentang tahun <YEAR>-<YEAR> berdasarkan hasil verifikasi pusat mk/tmk.","relasi vw_pengawasan_v2→mv_pengawasan","SELECT kesimpulan_penilaian_pusat, COUNT(*) AS jumlah FROM public.vw_pengawasan_v2 WHERE tgl_start BETWEEN '2024-01-01' AND '2025-01-01' GROUP BY kesimpulan_penilaian_pusat ORDER BY jumlah DESC;","SELECT kesimpulan_penilaian_pusat, COUNT(*) AS jumlah FROM mv_pengawasan WHERE tgl_start BETWEEN '2024-01-01' AND '2025-01-01' GROUP BY kesimpulan_penilaian_pusat ORDER BY jumlah DESC;",""
"26","v1","tampilkan visualisasi data berupa urutan data yang paling besar iklan yang dilaporkan mk/tmk dari masing-masing upt berdasarkan nama produk, jenis pangan, produsen, kabupaten/provinsi produsen, media ","tampilkan visualisasi data berupa urutan data yang paling besar <PRODUCT NAME> yang dilaporkan mk/tmk dari masing-masing upt berdasarkan nama produk, jenis pangan, produsen, kabupaten/provinsi produse","relasi vw_pengawasan_v2→mv_pengawasan","SELECT nama_balai, nama_produk, media_iklan, komoditi, SUM(CASE WHEN kesimpulan_penilaian_akhir = 'MK' THEN 1 ELSE 0 END) AS jumlah_mk, SUM(CASE WHEN kesimpulan_penilaian_akhir = 'TMK' THEN 1 ELSE 0 END) AS jumlah_tmk FROM vw_pengawasan_v2 WHERE extract(year from tgl_end) = 2025 AND kesimpulan_penilaian_akhir IN ('MK', 'TMK') GROUP BY -- Mengelompokkan berdasarkan semua kategori yang diminta nama_balai, nama_produk, media_iklan, komoditi ORDER BY nama_balai, nama_produk;","SELECT nama_balai, nama_produk, media_iklan, komoditi, SUM(CASE WHEN kesimpulan_penilaian_akhir = 'MK' THEN 1 ELSE 0 END) AS jumlah_mk, SUM(CASE WHEN kesimpulan_penilaian_akhir = 'TMK' THEN 1 ELSE 0 END) AS jumlah_tmk FROM mv_pengawasan WHERE extract(year from tgl_end) = 2025 AND kesimpulan_penilaian_akhir IN ('MK', 'TMK') GROUP BY -- Mengelompokkan berdasarkan semua kategori yang diminta nama_balai, nama_produk, media_iklan, komoditi ORDER BY nama_balai, nama_produk;",""
"27","v2","buatkan data perbedaan hasil pengawasan iklan obat antara hasil verifikasi balai dan hasil verifikasi pusat dalam bentuk grafik dan narasi.","buatkan data perbedaan hasil pengawasan iklan obat antara hasil verifikasi balai dan hasil verifikasi pusat dalam bentuk grafik dan narasi.","relasi vw_pengawasan_v2→mv_pengawasan ; nilai 'Obat'→'OBAT'","SELECT kesimpulan_penilaian_balai, kesimpulan_penilaian_pusat, COUNT(*) AS jumlah_perbedaan FROM public.vw_pengawasan_v2 WHERE komoditi = 'OBAT' AND kesimpulan_penilaian_balai IS NOT NULL AND kesimpulan_penilaian_pusat IS NOT NULL AND kesimpulan_penilaian_balai <> kesimpulan_penilaian_pusat GROUP BY kesimpulan_penilaian_balai, kesimpulan_penilaian_pusat ORDER BY jumlah_perbedaan DESC;","SELECT kesimpulan_penilaian_balai, kesimpulan_penilaian_pusat, COUNT(*) AS jumlah_perbedaan FROM mv_pengawasan WHERE komoditi = 'OBAT' AND kesimpulan_penilaian_balai IS NOT NULL AND kesimpulan_penilaian_pusat IS NOT NULL AND kesimpulan_penilaian_balai <> kesimpulan_penilaian_pusat GROUP BY kesimpulan_penilaian_balai, kesimpulan_penilaian_pusat ORDER BY jumlah_perbedaan DESC;",""
"28","v2","buatkan data perbedaan hasil pengawasan iklan obat tradisional; suplemen kesehatan; obat kuasi antara hasil verifikasi balai dan hasil verifikasi pusat dalam bentuk grafik dan narasi untuk periode wak","buatkan data perbedaan hasil pengawasan iklan <COMMODITY NAME>; <COMMODITY NAME>; <COMMODITY NAME> antara hasil verifikasi balai dan hasil verifikasi pusat dalam bentuk grafik dan narasi untuk periode","relasi vw_pengawasan_v2→mv_pengawasan","SELECT kesimpulan_penilaian_balai, kesimpulan_penilaian_pusat, COUNT(*) AS jumlah_perbedaan FROM public.vw_pengawasan_v2 WHERE ('OBAT TRADISIONAL (OT)', 'SUPLEMEN KESEHATAN', 'OBAT KUASI') AND kesimpulan_penilaian_balai IS NOT NULL AND kesimpulan_penilaian_pusat IS NOT NULL AND kesimpulan_penilaian_balai <> kesimpulan_penilaian_pusat GROUP BY kesimpulan_penilaian_balai, kesimpulan_penilaian_pusat ORDER BY jumlah_perbedaan DESC;","SELECT kesimpulan_penilaian_balai, kesimpulan_penilaian_pusat, COUNT(*) AS jumlah_perbedaan FROM mv_pengawasan WHERE ('OBAT TRADISIONAL (OT)', 'SUPLEMEN KESEHATAN', 'OBAT KUASI') AND kesimpulan_penilaian_balai IS NOT NULL AND kesimpulan_penilaian_pusat IS NOT NULL AND kesimpulan_penilaian_balai <> kesimpulan_penilaian_pusat GROUP BY kesimpulan_penilaian_balai, kesimpulan_penilaian_pusat ORDER BY jumlah_perbedaan DESC;","ERROR: argument of AND must be type boolean, not type record"
"29","v2","tampilkan data berapa jumlah iklan obat tradisional; suplemen kesehatan; obat kuasi yang dilaporkan oleh upt dengan hasil verifikasi pusat mk/tmk.","tampilkan data berapa jumlah iklan <COMMODITY NAME>; <COMMODITY NAME>; <COMMODITY NAME> yang dilaporkan oleh upt dengan hasil verifikasi pusat mk/tmk.","relasi vw_pengawasan_v2→mv_pengawasan","select komoditi, kesimpulan_penilaian_pusat, COUNT(*) FROM public.vw_pengawasan_v2 WHERE komoditi IN ('OBAT KUASI','OBAT TRADISIONAL (OT)','SUPLEMEN KESEHATAN') AND kesimpulan_penilaian_pusat IN ('MK', 'TMK') group by komoditi, kesimpulan_penilaian_pusat order by komoditi, kesimpulan_penilaian_pusat;","select komoditi, kesimpulan_penilaian_pusat, COUNT(*) FROM mv_pengawasan WHERE komoditi IN ('OBAT KUASI','OBAT TRADISIONAL (OT)','SUPLEMEN KESEHATAN') AND kesimpulan_penilaian_pusat IN ('MK', 'TMK') group by komoditi, kesimpulan_penilaian_pusat order by komoditi, kesimpulan_penilaian_pusat;",""
"30","v2","tampilkan data hasil kesimpulan tmk berdasarkan hasil verifikasi pusat dengan hasil verifikasi balai mk pada rentang waktu antara tanggal mulai dan tanggal selesai 2 minggu.","tampilkan data <CONCLUSION TYPE> berdasarkan hasil verifikasi pusat dengan hasil verifikasi balai mk pada rentang waktu antara tanggal mulai dan tanggal selesai 2 minggu.","relasi vw_pengawasan_v2→mv_pengawasan","SELECT * FROM public.vw_pengawasan_v2 WHERE kesimpulan_penilaian_pusat = 'TMK' and kesimpulan_penilaian_balai ='MK' AND (tgl_end - tgl_start) = 14;","SELECT * FROM mv_pengawasan WHERE kesimpulan_penilaian_pusat = 'TMK' and kesimpulan_penilaian_balai ='MK' AND (tgl_end - tgl_start) = 14;",""
"31","v2","tampilkan data hasil kesimpulan tmk berdasarkan hasil verifikasi pusat dengan hasil verifikasi balai mk pada rentang waktu Januari hingga Juni 2025","tampilkan data <CONCLUSION TYPE> berdasarkan hasil verifikasi pusat dengan hasil verifikasi balai mk pada rentang waktu <MONTH> hingga <MONTH> <YEAR>","relasi vw_pengawasan_v2→mv_pengawasan","SELECT * FROM public.vw_pengawasan_v2 WHERE kesimpulan_penilaian_pusat = 'TMK' AND kesimpulan_penilaian_balai = 'MK' AND tgl_start >= '2025-01-01' AND tgl_end <= '2025-06-30';","SELECT * FROM mv_pengawasan WHERE kesimpulan_penilaian_pusat = 'TMK' AND kesimpulan_penilaian_balai = 'MK' AND tgl_start >= '2025-01-01' AND tgl_end <= '2025-06-30';",""
"32","v2","tampilkan data hasil kesimpulan tmk berdasarkan hasil verifikasi pusat pada rentang waktu antara tanggal mulai dan tanggal selesai 2 minggu.","tampilkan data hasil kesimpulan <CONCLUSION TYPE> berdasarkan hasil verifikasi pusat pada rentang waktu antara tanggal mulai dan tanggal selesai 2 minggu.","relasi vw_pengawasan_v2→mv_pengawasan","SELECT * FROM public.vw_pengawasan_v2 WHERE kesimpulan_penilaian_pusat = 'TMK' AND (tgl_end - tgl_start) = 14;","SELECT * FROM mv_pengawasan WHERE kesimpulan_penilaian_pusat = 'TMK' AND (tgl_end - tgl_start) = 14;",""
"33","v2","tampilkan data hasil kesimpulan tmk berdasarkan hasil verifikasi pusat pada rentang waktu Januari hingga Juni 2025","tampilkan data hasil kesimpulan <CONCLUSION TYPE> berdasarkan hasil verifikasi pusat pada rentang waktu <MONTH> hingga <MONTH> <YEAR>","relasi vw_pengawasan_v2→mv_pengawasan","SELECT * FROM public.vw_pengawasan_v2 WHERE kesimpulan_penilaian_pusat = 'TMK' AND tgl_start >= '2025-01-01' AND tgl_end <= '2025-06-30';","SELECT * FROM mv_pengawasan WHERE kesimpulan_penilaian_pusat = 'TMK' AND tgl_start >= '2025-01-01' AND tgl_end <= '2025-06-30';",""
"34","v2","tampilkan data iklan yang dilaporkan mk/tmk dari masing-masing upt yang dikategorikan berdasarkan nama produk, industri farmasi, media publikasi, dan golongan obat dengan status selesai pada rentang w","tampilkan data iklan yang dilaporkan mk/tmk dari masing-masing upt yang dikategorikan berdasarkan <PRODUCT NAME>, <CLASSIFICATION>, <CLASSIFICATION>, dan <CLASSIFICATION> dengan status <CONCLUSION TYP","relasi vw_pengawasan_v2→mv_pengawasan ; nilai 'Obat'→'OBAT' ; nilai 'Kosmetika'→'KOSMETIKA'","SELECT nama_balai, nama_produk, pendaftar, media_iklan, komoditi FROM public.vw_pengawasan_v2 WHERE kesimpulan_penilaian_pusat IN ('MK', 'TMK') and komoditi IN ('KOSMETIKA','OBAT','OBAT KUASI','OBAT TRADISIONAL (OT)','SUPLEMEN KESEHATAN') AND tgl_start >= '2024-06-25' AND tgl_end <= '2024-06-30'","SELECT nama_balai, nama_produk, pendaftar, media_iklan, komoditi FROM mv_pengawasan WHERE kesimpulan_penilaian_pusat IN ('MK', 'TMK') and komoditi IN ('KOSMETIKA','OBAT','OBAT KUASI','OBAT TRADISIONAL (OT)','SUPLEMEN KESEHATAN') AND tgl_start >= '2024-06-25' AND tgl_end <= '2024-06-30'",""
"35","v2","tampilkan data label yang dilaporkan mk/tmk dari masing-masing upt yang dikategorikan berdasarkan nama produk, jenis pangan, kategori pangan, produsen, kabupaten/provinsi produsen, pada rentang waktu ","tampilkan data label yang dilaporkan <CONCLUSION TYPE> dari masing-masing upt yang dikategorikan berdasarkan <PRODUCT NAME>, <COMMODITY NAME>, <CLASSIFICATION>, <COMPANY NAME>, <REGENCY NAME>/<PROVINC","relasi vw_pengawasan_v2→mv_pengawasan","SELECT nama_balai, nama_produk, komoditi, pendaftar, kesimpulan_penilaian_akhir, tgl_start, tgl_end FROM public.vw_pengawasan_v2 WHERE kesimpulan_penilaian_akhir IN ('MK', 'TMK') AND tgl_start <= '2025-12-31' AND tgl_end >= '2025-01-01' ORDER BY nama_balai, nama_produk, komoditi, pendaftar;","SELECT nama_balai, nama_produk, komoditi, pendaftar, kesimpulan_penilaian_akhir, tgl_start, tgl_end FROM mv_pengawasan WHERE kesimpulan_penilaian_akhir IN ('MK', 'TMK') AND tgl_start <= '2025-12-31' AND tgl_end >= '2025-01-01' ORDER BY nama_balai, nama_produk, komoditi, pendaftar;",""
"36","v2","tampilkan data materi iklan berdasarkan nama produk 'buah' dan nama industri farmasi 'nutrifood' dari masing-masing upt.","tampilkan data materi iklan berdasarkan nama produk '<PRODUCT NAME>' dan nama industri farmasi '<COMPANY NAME>' dari masing-masing upt.","relasi vw_pengawasan_v2→mv_pengawasan","SELECT * FROM public.vw_pengawasan_v2 WHERE lower(nama_produk) like '%buah%' AND lower(pendaftar) like '%nutrifood%';","SELECT * FROM mv_pengawasan WHERE lower(nama_produk) like '%buah%' AND lower(pendaftar) like '%nutrifood%';",""
"37","v2","tampilkan data materi iklan berdasarkan nama produk tertentu dan nama industri farmasi tertentu dari masing-masing upt.","tampilkan data <PRODUCT NAME> berdasarkan nama produk tertentu dan nama industri farmasi tertentu dari masing-masing upt.","relasi vw_pengawasan_v2→mv_pengawasan","SELECT * FROM public.vw_pengawasan_v2 WHERE nama_produk = 'NAMA_PRODUK_TERTENTU' AND pendaftar = 'NAMA_INDUSTRI_FARMASI_TERTENTU' AND nama_balai = 'NAMA_UPT_TERTENTU';","SELECT * FROM mv_pengawasan WHERE nama_produk = 'NAMA_PRODUK_TERTENTU' AND pendaftar = 'NAMA_INDUSTRI_FARMASI_TERTENTU' AND nama_balai = 'NAMA_UPT_TERTENTU';",""
"38","v2","tampilkan data upt yang tidak melaporkan hasil pengawasan iklan dengan hasil verifikasi balai tmk pada tahun 2023.","tampilkan data upt yang tidak melaporkan hasil pengawasan iklan dengan hasil verifikasi balai tmk pada tahun <YEAR>.","relasi vw_pengawasan_v2→mv_pengawasan","SELECT DISTINCT nama_balai FROM public.vw_pengawasan_v2 WHERE nama_balai NOT IN ( SELECT DISTINCT nama_balai FROM public.vw_pengawasan_v2 WHERE kesimpulan_penilaian_balai = 'TMK' AND EXTRACT(YEAR FROM tgl_start) = 2023 );","SELECT DISTINCT nama_balai FROM mv_pengawasan WHERE nama_balai NOT IN ( SELECT DISTINCT nama_balai FROM mv_pengawasan WHERE kesimpulan_penilaian_balai = 'TMK' AND EXTRACT(YEAR FROM tgl_start) = 2023 );",""
"39","v2","tampilkan data upt yang tidak melaporkan hasil pengawasan iklan dengan hasil verifikasi balai tmk.","tampilkan data upt yang tidak melaporkan hasil pengawasan iklan dengan hasil verifikasi <HALL NAME>.","relasi vw_pengawasan_v2→mv_pengawasan","SELECT DISTINCT nama_balai FROM public.vw_pengawasan_v2 EXCEPT SELECT DISTINCT nama_balai FROM public.vw_pengawasan_v2 WHERE kesimpulan_penilaian_balai = 'TMK'","SELECT DISTINCT nama_balai FROM mv_pengawasan EXCEPT SELECT DISTINCT nama_balai FROM mv_pengawasan WHERE kesimpulan_penilaian_balai = 'TMK'",""
"40","v2","tampilkan data upt yang tidak melaporkan hasil pengawasan iklan dengan hasil verifikasi balai tmk.","tampilkan data upt yang tidak melaporkan hasil pengawasan iklan dengan hasil verifikasi <HALL NAME>.","relasi vw_pengawasan_v2→mv_pengawasan","SELECT DISTINCT nama_balai FROM public.vw_pengawasan_v2 EXCEPT SELECT DISTINCT nama_balai FROM public.vw_pengawasan_v2 WHERE kesimpulan_penilaian_balai = 'TMK'","SELECT DISTINCT nama_balai FROM mv_pengawasan EXCEPT SELECT DISTINCT nama_balai FROM mv_pengawasan WHERE kesimpulan_penilaian_balai = 'TMK'",""
"41","v2","tampilkan data upt yang tidak melaporkan hasil pengawasan iklan pada media cetak / media luar ruang pada tahun 2022.","tampilkan data upt yang tidak melaporkan hasil pengawasan iklan pada media cetak / media luar ruang pada tahun <YEAR>.","relasi vw_pengawasan_v2→mv_pengawasan","SELECT DISTINCT nama_balai FROM public.vw_pengawasan_v2 WHERE nama_balai NOT IN ( SELECT DISTINCT nama_balai FROM public.vw_pengawasan_v2 WHERE media_iklan IN ('CETAK', 'MEDIA_LUARRUANG') AND EXTRACT(YEAR FROM tgl_start) = 2022 );","SELECT DISTINCT nama_balai FROM mv_pengawasan WHERE nama_balai NOT IN ( SELECT DISTINCT nama_balai FROM mv_pengawasan WHERE media_iklan IN ('CETAK', 'MEDIA_LUARRUANG') AND EXTRACT(YEAR FROM tgl_start) = 2022 );",""
"42","v2","tampilkan data upt yang tidak melaporkan hasil pengawasan iklan pada media cetak / media luar ruang.","tampilkan data <CLASSIFICATION> yang tidak melaporkan hasil pengawasan iklan pada media cetak / media luar ruang.","relasi vw_pengawasan_v2→mv_pengawasan","SELECT DISTINCT nama_balai FROM public.vw_pengawasan_v2 EXCEPT SELECT DISTINCT nama_balai FROM public.vw_pengawasan_v2 WHERE media_iklan IN ('CETAK','MEDIA_LUARRUANG') AND kesimpulan_penilaian_akhir IS NOT NULL;","SELECT DISTINCT nama_balai FROM mv_pengawasan EXCEPT SELECT DISTINCT nama_balai FROM mv_pengawasan WHERE media_iklan IN ('CETAK','MEDIA_LUARRUANG') AND kesimpulan_penilaian_akhir IS NOT NULL;",""
"43","v2","tampilkan data upt yang tidak melaporkan hasil pengawasan iklan pada media cetak / media luar ruang.","tampilkan data <CLASSIFICATION> yang tidak melaporkan hasil pengawasan iklan pada media cetak / media luar ruang.","relasi vw_pengawasan_v2→mv_pengawasan","SELECT DISTINCT nama_balai FROM public.vw_pengawasan_v2 EXCEPT SELECT DISTINCT nama_balai FROM public.vw_pengawasan_v2 WHERE media_iklan IN ('CETAK','MEDIA_LUARRUANG') AND kesimpulan_penilaian_akhir IS NOT NULL;","SELECT DISTINCT nama_balai FROM mv_pengawasan EXCEPT SELECT DISTINCT nama_balai FROM mv_pengawasan WHERE media_iklan IN ('CETAK','MEDIA_LUARRUANG') AND kesimpulan_penilaian_akhir IS NOT NULL;",""
"44","v2","tampilkan data upt yang tidak melaporkan iklan obat tradisional; suplemen kesehatan; obat kuasi pada tahun 2023.","tampilkan data upt yang tidak melaporkan <COMMODITY NAME>; <COMMODITY NAME>; <COMMODITY NAME> pada tahun <YEAR>.","relasi vw_pengawasan_v2→mv_pengawasan","SELECT DISTINCT nama_balai FROM public.vw_pengawasan_v2 WHERE nama_balai NOT IN ( SELECT DISTINCT nama_balai FROM public.vw_pengawasan_v2 WHERE komoditi IN ('OBAT KUASI','OBAT TRADISIONAL (OT)','SUPLEMEN KESEHATAN') AND EXTRACT(YEAR FROM tgl_start) = 2023 );","SELECT DISTINCT nama_balai FROM mv_pengawasan WHERE nama_balai NOT IN ( SELECT DISTINCT nama_balai FROM mv_pengawasan WHERE komoditi IN ('OBAT KUASI','OBAT TRADISIONAL (OT)','SUPLEMEN KESEHATAN') AND EXTRACT(YEAR FROM tgl_start) = 2023 );",""
"45","v2","tampilkan data upt yang tidak melaporkan iklan obat tradisional; suplemen kesehatan; obat kuasi.","tampilkan data upt yang tidak melaporkan <COMMODITY NAME>; <COMMODITY NAME>; <COMMODITY NAME>.","relasi vw_pengawasan_v2→mv_pengawasan","SELECT DISTINCT nama_balai FROM public.vw_pengawasan_v2 EXCEPT SELECT DISTINCT nama_balai FROM public.vw_pengawasan_v2 WHERE komoditi IN ('OBAT KUASI','OBAT TRADISIONAL (OT)','SUPLEMEN KESEHATAN')","SELECT DISTINCT nama_balai FROM mv_pengawasan EXCEPT SELECT DISTINCT nama_balai FROM mv_pengawasan WHERE komoditi IN ('OBAT KUASI','OBAT TRADISIONAL (OT)','SUPLEMEN KESEHATAN')",""
"46","v2","tampilkan list data lokasi iklan yang diperiksa lebih dari sekali","tampilkan list data <CLASSIFICATION> yang diperiksa lebih dari sekali","relasi vw_pengawasan_v2→mv_pengawasan","SELECT lokasi_iklan FROM public.vw_pengawasan_v2 GROUP BY lokasi_iklan HAVING COUNT(*) > 1;","SELECT lokasi_iklan FROM mv_pengawasan GROUP BY lokasi_iklan HAVING COUNT(*) > 1;",""
"47","v2","tampilkan persentase kategori pangan yang tmk pada rentang waktu 2025 (baik secara nasional maupun per upt).","tampilkan persentase <CLASSIFICATION> yang tmk pada rentang waktu <YEAR> (baik secara nasional maupun per upt).","relasi vw_pengawasan_v2→mv_pengawasan","SELECT kesimpulan_penilaian_pusat, COUNT(*) AS jumlah_laporan, ROUND(100.0 * COUNT(*) / SUM(COUNT(*)) OVER (), 2) AS persentase -- 0–100 FROM vw_pengawasan_v2 WHERE komoditi ='PRODUK PANGAN' AND tgl_start >= DATE '2025-01-01' AND tgl_end < DATE '2026-01-01' -- half-open range, covers all of 2025 GROUP BY kesimpulan_penilaian_pusat ORDER BY jumlah_laporan DESC;","SELECT kesimpulan_penilaian_pusat, COUNT(*) AS jumlah_laporan, ROUND(100.0 * COUNT(*) / SUM(COUNT(*)) OVER (), 2) AS persentase -- 0–100 FROM mv_pengawasan WHERE komoditi ='PRODUK PANGAN' AND tgl_start >= DATE '2025-01-01' AND tgl_end < DATE '2026-01-01' -- half-open range, covers all of 2025 GROUP BY kesimpulan_penilaian_pusat ORDER BY jumlah_laporan DESC;",""
"48","v2","tampilkan persentase media iklan (dibandingkan seluruh iklan yang diawasi pada rentang waktu tertentu) yang diawasi pada upt dengan nama 'balai pom di jakarta' pada rentang waktu antara tanggal '2025-","tampilkan persentase media iklan (dibandingkan seluruh iklan yang diawasi pada rentang waktu tertentu) yang diawasi pada upt dengan nama '<HALL NAME>' pada rentang waktu antara tanggal '2025-01-01' da","relasi vw_pengawasan_v2→mv_pengawasan","SELECT media_iklan, COUNT(*) AS jumlah_laporan, ROUND(100.0 * COUNT(*) / SUM(COUNT(*)) OVER (), 2) AS persentase -- 0–100 FROM vw_pengawasan_v2 WHERE nama_balai = 'BALAI BESAR POM DI JAKARTA' AND tgl_start >= DATE '2025-01-01' AND tgl_end < DATE '2026-01-01' -- half-open range, covers all of 2025 GROUP BY media_iklan ORDER BY jumlah_laporan DESC;","SELECT media_iklan, COUNT(*) AS jumlah_laporan, ROUND(100.0 * COUNT(*) / SUM(COUNT(*)) OVER (), 2) AS persentase -- 0–100 FROM mv_pengawasan WHERE nama_balai = 'BALAI BESAR POM DI JAKARTA' AND tgl_start >= DATE '2025-01-01' AND tgl_end < DATE '2026-01-01' -- half-open range, covers all of 2025 GROUP BY media_iklan ORDER BY jumlah_laporan DESC;",""
"49","v2","tampilkan tren data hasil pengawasan iklan obat pada rentang tahun 2024-2025 berdasarkan hasil verifikasi pusat mk/tmk.","tampilkan tren data hasil pengawasan iklan obat pada rentang tahun <YEAR>-<YEAR> berdasarkan hasil verifikasi pusat mk/tmk.","relasi vw_pengawasan_v2→mv_pengawasan ; nilai 'Obat'→'OBAT'","SELECT EXTRACT(YEAR FROM tgl_start) AS year, kesimpulan_penilaian_pusat, COUNT(*) AS total_count FROM public.vw_pengawasan_v2 WHERE komoditi IN ('OBAT', 'OBAT KUASI', 'OBAT TRADISIONAL (OT)') AND kesimpulan_penilaian_pusat IN ('MK', 'TMK') AND EXTRACT(YEAR FROM tgl_start) BETWEEN 2024 AND 2025 GROUP BY year, kesimpulan_penilaian_pusat ORDER BY year, kesimpulan_penilaian_pusat;","SELECT EXTRACT(YEAR FROM tgl_start) AS year, kesimpulan_penilaian_pusat, COUNT(*) AS total_count FROM mv_pengawasan WHERE komoditi IN ('OBAT', 'OBAT KUASI', 'OBAT TRADISIONAL (OT)') AND kesimpulan_penilaian_pusat IN ('MK', 'TMK') AND EXTRACT(YEAR FROM tgl_start) BETWEEN 2024 AND 2025 GROUP BY year, kesimpulan_penilaian_pusat ORDER BY year, kesimpulan_penilaian_pusat;",""
"50","v2","tampilkan tren data hasil pengawasan iklan obat tradisional; suplemen kesehatan; obat kuasi pada rentang tahun 2024-2025 berdasarkan hasil verifikasi pusat mk/tmk","tampilkan tren data hasil pengawasan iklan <COMMODITY NAME>; <COMMODITY NAME>; <COMMODITY NAME> pada rentang tahun <YEAR> berdasarkan hasil verifikasi pusat mk/tmk","relasi vw_pengawasan_v2→mv_pengawasan","SELECT EXTRACT( YEAR FROM tgl_start ) AS tahun, kesimpulan_penilaian_pusat, COUNT(*) AS jumlah_pengawasan FROM public.vw_pengawasan_v2 WHERE komoditi IN ('OBAT TRADISIONAL (OT)', 'SUPLEMEN KESEHATAN', 'OBAT KUASI') AND EXTRACT( YEAR FROM tgl_start ) BETWEEN 2024 AND 2025 AND kesimpulan_penilaian_pusat IN ('MK', 'TMK') GROUP by kesimpulan_penilaian_pusat, tahun ORDER by kesimpulan_penilaian_pusat, tahun;","SELECT EXTRACT( YEAR FROM tgl_start ) AS tahun, kesimpulan_penilaian_pusat, COUNT(*) AS jumlah_pengawasan FROM mv_pengawasan WHERE komoditi IN ('OBAT TRADISIONAL (OT)', 'SUPLEMEN KESEHATAN', 'OBAT KUASI') AND EXTRACT( YEAR FROM tgl_start ) BETWEEN 2024 AND 2025 AND kesimpulan_penilaian_pusat IN ('MK', 'TMK') GROUP by kesimpulan_penilaian_pusat, tahun ORDER by kesimpulan_penilaian_pusat, tahun;",""
"51","v2","tampilkan tren data hasil pengawasan iklan pangan (mk/tmk) pada rentang tahun 2025 berdasarkan hasil verifikasi upt","tampilkan tren data hasil pengawasan iklan pangan (mk/tmk) pada rentang tahun <YEAR> berdasarkan hasil verifikasi upt","relasi vw_pengawasan_v2→mv_pengawasan","select EXTRACT(YEAR FROM tgl_start) AS tahun, EXTRACT(MONTH FROM tgl_start) AS bulan, kesimpulan_penilaian_balai, COUNT(*) AS jumlah_pengawasan FROM public.vw_pengawasan_v2 WHERE lower(komoditi) like '%produk pangan%' AND EXTRACT(YEAR FROM tgl_start) = 2025 GROUP BY 1, 2, 3 ORDER BY 1, 2, 3;","select EXTRACT(YEAR FROM tgl_start) AS tahun, EXTRACT(MONTH FROM tgl_start) AS bulan, kesimpulan_penilaian_balai, COUNT(*) AS jumlah_pengawasan FROM mv_pengawasan WHERE lower(komoditi) like '%produk pangan%' AND EXTRACT(YEAR FROM tgl_start) = 2025 GROUP BY 1, 2, 3 ORDER BY 1, 2, 3;",""
"52","v2","tampilkan visualisasi data berupa urutan data yang paling besar dari hasil pengawasan label pangan yang dilaporkan tmk dari masing-masing upt yang dikategorikan berdasarkan nama produk, jenis pangan, ","tampilkan visualisasi data berupa urutan data yang paling besar dari hasil pengawasan label pangan yang dilaporkan tmk dari masing-masing upt yang dikategorikan berdasarkan nama produk, jenis pangan, ","relasi vw_pengawasan_v2→mv_pengawasan","SELECT nama_balai, nama_produk, COUNT(*) AS jumlah_tmk_laporan FROM public.vw_pengawasan_v2 WHERE kesimpulan_penilaian_akhir = 'TMK' AND EXTRACT(YEAR FROM tgl_start) = 2025 GROUP BY nama_balai, nama_produk ORDER BY jumlah_tmk_laporan DESC;","SELECT nama_balai, nama_produk, COUNT(*) AS jumlah_tmk_laporan FROM mv_pengawasan WHERE kesimpulan_penilaian_akhir = 'TMK' AND EXTRACT(YEAR FROM tgl_start) = 2025 GROUP BY nama_balai, nama_produk ORDER BY jumlah_tmk_laporan DESC;",""
"53","v3","Berdasarkan kabupaten/kota, tampilkan jumlah perbedaan kesimpulan balai dengan pusat saat kesimpulan penilaian akhir = TMK","Berdasarkan kabupaten/kota, tampilkan jumlah perbedaan kesimpulan balai dengan pusat saat kesimpulan penilaian akhir = <CONCLUSION TYPE>","-","SELECT mp.kabupaten, COUNT(*) AS jumlah_perbedaan FROM mv_pengawasan mp WHERE mp.kesimpulan_penilaian_balai IS NOT NULL AND mp.kesimpulan_penilaian_pusat IS NOT NULL AND LOWER(mp.kesimpulan_penilaian_balai) <> LOWER(mp.kesimpulan_penilaian_pusat) and mp.kesimpulan_penilaian_akhir = 'TMK' GROUP BY mp.kabupaten ORDER BY jumlah_perbedaan DESC;","SELECT mp.kabupaten, COUNT(*) AS jumlah_perbedaan FROM mv_pengawasan mp WHERE mp.kesimpulan_penilaian_balai IS NOT NULL AND mp.kesimpulan_penilaian_pusat IS NOT NULL AND LOWER(mp.kesimpulan_penilaian_balai) <> LOWER(mp.kesimpulan_penilaian_pusat) and mp.kesimpulan_penilaian_akhir = 'TMK' GROUP BY mp.kabupaten ORDER BY jumlah_perbedaan DESC;","ERROR: column mp.kabupaten does not exist"
"54","v3","Berdasarkan produsen Kao Indonesia, tampilkan berapa jumlah iklan yang dilaporkan MK atau TMK beserta jumlah perbedaan antara kesimpulan balai dengan pusat","Berdasarkan produsen <COMPANY NAME>, tampilkan berapa jumlah iklan yang dilaporkan MK atau TMK beserta jumlah perbedaan antara kesimpulan balai dengan pusat","-","select mp.pendaftar, count(*) as total_laporan, sum(case when lower(mp.kesimpulan_penilaian_pusat) = 'mk' then 1 else 0 end) as jumlah_mk_pusat, sum(case when lower(mp.kesimpulan_penilaian_pusat) = 'tmk' then 1 else 0 end) as jumlah_tmk_pusat, sum(case when lower(mp.kesimpulan_penilaian_balai) = 'mk' then 1 else 0 end) as jumlah_mk_balai, sum(case when lower(mp.kesimpulan_penilaian_balai) = 'tmk' then 1 else 0 end) as jumlah_tmk_balai, sum(case when lower(mp.kesimpulan_penilaian_balai) <> lower(mp.kesimpulan_penilaian_pusat) and mp.kesimpulan_penilaian_balai is not null and mp.kesimpulan_penilaian_pusat is not null then 1 else 0 end) as jumlah_perbedaan_balai_pusat from mv_pengawasan mp where lower(mp.pendaftar) like '%kao indonesia%' and mp.kesimpulan_penilaian_pusat is not null group by mp.pendaftar order by total_laporan desc;","select mp.pendaftar, count(*) as total_laporan, sum(case when lower(mp.kesimpulan_penilaian_pusat) = 'mk' then 1 else 0 end) as jumlah_mk_pusat, sum(case when lower(mp.kesimpulan_penilaian_pusat) = 'tmk' then 1 else 0 end) as jumlah_tmk_pusat, sum(case when lower(mp.kesimpulan_penilaian_balai) = 'mk' then 1 else 0 end) as jumlah_mk_balai, sum(case when lower(mp.kesimpulan_penilaian_balai) = 'tmk' then 1 else 0 end) as jumlah_tmk_balai, sum(case when lower(mp.kesimpulan_penilaian_balai) <> lower(mp.kesimpulan_penilaian_pusat) and mp.kesimpulan_penilaian_balai is not null and mp.kesimpulan_penilaian_pusat is not null then 1 else 0 end) as jumlah_perbedaan_balai_pusat from mv_pengawasan mp where lower(mp.pendaftar) like '%kao indonesia%' and mp.kesimpulan_penilaian_pusat is not null group by mp.pendaftar order by total_laporan desc;",""
"55","v3","buatkan data perbedaan hasil pengawasan iklan obat antara hasil verifikasi balai dan hasil verifikasi pusat dalam bentuk grafik dan narasi.","buatkan data perbedaan hasil pengawasan iklan obat antara hasil verifikasi balai dan hasil verifikasi pusat dalam bentuk grafik dan narasi.","-","SELECT kesimpulan_penilaian_balai, kesimpulan_penilaian_pusat, COUNT(*) AS jumlah_perbedaan FROM public.mv_pengawasan WHERE komoditi = 'OBAT' AND kesimpulan_penilaian_balai IS NOT NULL AND kesimpulan_penilaian_pusat IS NOT NULL AND kesimpulan_penilaian_balai <> kesimpulan_penilaian_pusat GROUP BY kesimpulan_penilaian_balai, kesimpulan_penilaian_pusat ORDER BY jumlah_perbedaan DESC;","SELECT kesimpulan_penilaian_balai, kesimpulan_penilaian_pusat, COUNT(*) AS jumlah_perbedaan FROM public.mv_pengawasan WHERE komoditi = 'OBAT' AND kesimpulan_penilaian_balai IS NOT NULL AND kesimpulan_penilaian_pusat IS NOT NULL AND kesimpulan_penilaian_balai <> kesimpulan_penilaian_pusat GROUP BY kesimpulan_penilaian_balai, kesimpulan_penilaian_pusat ORDER BY jumlah_perbedaan DESC;",""
"56","v3","buatkan data perbedaan hasil pengawasan iklan obat tradisional; suplemen kesehatan; obat kuasi antara hasil verifikasi balai dan hasil verifikasi pusat dalam bentuk grafik dan narasi untuk periode wak","buatkan data perbedaan hasil pengawasan iklan <COMMODITY NAME>; <COMMODITY NAME>; <COMMODITY NAME> antara hasil verifikasi balai dan hasil verifikasi pusat dalam bentuk grafik dan narasi untuk periode","-","SELECT kesimpulan_penilaian_balai, kesimpulan_penilaian_pusat, COUNT(*) AS jumlah_perbedaan FROM public.mv_pengawasan WHERE ('OBAT TRADISIONAL (OT)', 'SUPLEMEN KESEHATAN', 'OBAT KUASI') AND kesimpulan_penilaian_balai IS NOT NULL AND kesimpulan_penilaian_pusat IS NOT NULL AND kesimpulan_penilaian_balai <> kesimpulan_penilaian_pusat GROUP BY kesimpulan_penilaian_balai, kesimpulan_penilaian_pusat ORDER BY jumlah_perbedaan DESC;","SELECT kesimpulan_penilaian_balai, kesimpulan_penilaian_pusat, COUNT(*) AS jumlah_perbedaan FROM public.mv_pengawasan WHERE ('OBAT TRADISIONAL (OT)', 'SUPLEMEN KESEHATAN', 'OBAT KUASI') AND kesimpulan_penilaian_balai IS NOT NULL AND kesimpulan_penilaian_pusat IS NOT NULL AND kesimpulan_penilaian_balai <> kesimpulan_penilaian_pusat GROUP BY kesimpulan_penilaian_balai, kesimpulan_penilaian_pusat ORDER BY jumlah_perbedaan DESC;","ERROR: argument of AND must be type boolean, not type record"
"57","v3","tampilkan data berapa jumlah iklan obat tradisional; suplemen kesehatan; obat kuasi yang dilaporkan oleh upt dengan hasil verifikasi pusat mk/tmk.","tampilkan data berapa jumlah iklan <COMMODITY NAME>; <COMMODITY NAME>; <COMMODITY NAME> yang dilaporkan oleh upt dengan hasil verifikasi pusat mk/tmk.","-","select komoditi, kesimpulan_penilaian_pusat, COUNT(*) FROM public.mv_pengawasan WHERE komoditi IN ('OBAT KUASI','OBAT TRADISIONAL (OT)','SUPLEMEN KESEHATAN') AND kesimpulan_penilaian_pusat IN ('MK', 'TMK') group by komoditi, kesimpulan_penilaian_pusat order by komoditi, kesimpulan_penilaian_pusat;","select komoditi, kesimpulan_penilaian_pusat, COUNT(*) FROM public.mv_pengawasan WHERE komoditi IN ('OBAT KUASI','OBAT TRADISIONAL (OT)','SUPLEMEN KESEHATAN') AND kesimpulan_penilaian_pusat IN ('MK', 'TMK') group by komoditi, kesimpulan_penilaian_pusat order by komoditi, kesimpulan_penilaian_pusat;",""
"58","v3","Tampilkan data berupa jumlah iklan obat keras yang dilaporkan oleh UPT dengan hasil verifikasi pusat MK/TMK pada tahun 2025","Tampilkan data berupa jumlah iklan obat keras yang dilaporkan oleh UPT dengan hasil verifikasi pusat MK/TMK pada tahun <YEAR>","-","select mp.nama_balai , mp.komoditi, mp.kesimpulan_penilaian_pusat, count(*) from mv_pengawasan mp where lower(mp.komoditi) like '%obat%' and extract(year from mp.tgl_start) = 2025 group by 1, 2, 3 order by 1, 2, 3;","select mp.nama_balai , mp.komoditi, mp.kesimpulan_penilaian_pusat, count(*) from mv_pengawasan mp where lower(mp.komoditi) like '%obat%' and extract(year from mp.tgl_start) = 2025 group by 1, 2, 3 order by 1, 2, 3;",""
"59","v3","Tampilkan data capaian UPT berdasarkan jumlah laporan yang dikirimkan ke pusat (tanggal kepala balai) dibandingkan dengan target yang sudah ditetapkan untuk masing-masing UPT","Tampilkan data capaian <HALL NAME> berdasarkan jumlah laporan yang dikirimkan ke pusat (tanggal kepala balai) dibandingkan dengan target yang sudah ditetapkan untuk masing-masing <HALL NAME>","-","WITH latest_target_year AS ( SELECT MAX(tahun) AS tahun_terbaru FROM target_balai ), laporan_dikirim AS ( SELECT mp.nama_balai, mp.komoditi, EXTRACT(YEAR FROM mp.tgl_start) AS tahun, COUNT(*) AS jumlah_laporan FROM mv_pengawasan mp WHERE mp.tgl_start IS NOT NULL AND EXTRACT(YEAR FROM mp.tgl_start) = EXTRACT(YEAR FROM CURRENT_DATE) GROUP BY mp.nama_balai, mp.komoditi, EXTRACT(YEAR FROM mp.tgl_start) ) SELECT ld.nama_balai, ld.komoditi, ld.tahun AS tahun_laporan, tb.tahun AS tahun_target, ld.jumlah_laporan, tb.target_pengawasan, ROUND( (ld.jumlah_laporan::decimal / NULLIF(tb.target_pengawasan, 0)) * 100, 2 ) AS capaian_persen FROM laporan_dikirim ld CROSS JOIN latest_target_year lty LEFT JOIN target_balai tb ON LOWER(TRIM(tb.nama_balai)) = LOWER(TRIM(ld.nama_balai)) AND LOWER(TRIM(tb.komoditi)) = LOWER(TRIM(ld.komoditi)) AND tb.tahun = lty.tahun_terbaru ORDER BY ld.nama_balai, ld.komoditi;","WITH latest_target_year AS ( SELECT MAX(tahun) AS tahun_terbaru FROM target_balai ), laporan_dikirim AS ( SELECT mp.nama_balai, mp.komoditi, EXTRACT(YEAR FROM mp.tgl_start) AS tahun, COUNT(*) AS jumlah_laporan FROM mv_pengawasan mp WHERE mp.tgl_start IS NOT NULL AND EXTRACT(YEAR FROM mp.tgl_start) = EXTRACT(YEAR FROM CURRENT_DATE) GROUP BY mp.nama_balai, mp.komoditi, EXTRACT(YEAR FROM mp.tgl_start) ) SELECT ld.nama_balai, ld.komoditi, ld.tahun AS tahun_laporan, tb.tahun AS tahun_target, ld.jumlah_laporan, tb.target_pengawasan, ROUND( (ld.jumlah_laporan::decimal / NULLIF(tb.target_pengawasan, 0)) * 100, 2 ) AS capaian_persen FROM laporan_dikirim ld CROSS JOIN latest_target_year lty LEFT JOIN target_balai tb ON LOWER(TRIM(tb.nama_balai)) = LOWER(TRIM(ld.nama_balai)) AND LOWER(TRIM(tb.komoditi)) = LOWER(TRIM(ld.komoditi)) AND tb.tahun = lty.tahun_terbaru ORDER BY ld.nama_balai, ld.komoditi;",""
"60","v3","tampilkan data hasil kesimpulan tmk berdasarkan hasil verifikasi pusat dengan hasil verifikasi balai mk pada rentang waktu antara tanggal mulai dan tanggal selesai 2 minggu.","tampilkan data <CONCLUSION TYPE> berdasarkan hasil verifikasi pusat dengan hasil verifikasi balai mk pada rentang waktu antara tanggal mulai dan tanggal selesai 2 minggu.","-","SELECT * FROM public.mv_pengawasan WHERE kesimpulan_penilaian_pusat = 'TMK' and kesimpulan_penilaian_balai ='MK' AND (tgl_end - tgl_start) = 14;","SELECT * FROM public.mv_pengawasan WHERE kesimpulan_penilaian_pusat = 'TMK' and kesimpulan_penilaian_balai ='MK' AND (tgl_end - tgl_start) = 14;",""
"61","v3","tampilkan data hasil kesimpulan tmk berdasarkan hasil verifikasi pusat dengan hasil verifikasi balai mk pada rentang waktu Januari hingga Juni 2025","tampilkan data <CONCLUSION TYPE> berdasarkan hasil verifikasi pusat dengan hasil verifikasi balai mk pada rentang waktu <MONTH> hingga <MONTH> <YEAR>","-","SELECT * FROM public.mv_pengawasan WHERE kesimpulan_penilaian_pusat = 'TMK' AND kesimpulan_penilaian_balai = 'MK' AND tgl_start >= '2025-01-01' AND tgl_end <= '2025-06-30';","SELECT * FROM public.mv_pengawasan WHERE kesimpulan_penilaian_pusat = 'TMK' AND kesimpulan_penilaian_balai = 'MK' AND tgl_start >= '2025-01-01' AND tgl_end <= '2025-06-30';",""
"62","v3","tampilkan data hasil kesimpulan tmk berdasarkan hasil verifikasi pusat pada rentang waktu antara tanggal mulai dan tanggal selesai 2 minggu.","tampilkan data hasil kesimpulan <CONCLUSION TYPE> berdasarkan hasil verifikasi pusat pada rentang waktu antara tanggal mulai dan tanggal selesai 2 minggu.","-","SELECT * FROM public.mv_pengawasan WHERE kesimpulan_penilaian_pusat = 'TMK' AND (tgl_end - tgl_start) = 14;","SELECT * FROM public.mv_pengawasan WHERE kesimpulan_penilaian_pusat = 'TMK' AND (tgl_end - tgl_start) = 14;",""
"63","v3","tampilkan data hasil kesimpulan tmk berdasarkan hasil verifikasi pusat pada rentang waktu Januari hingga Juni 2025","tampilkan data hasil kesimpulan <CONCLUSION TYPE> berdasarkan hasil verifikasi pusat pada rentang waktu <MONTH> hingga <MONTH> <YEAR>","-","SELECT * FROM public.mv_pengawasan WHERE kesimpulan_penilaian_pusat = 'TMK' AND tgl_start >= '2025-01-01' AND tgl_end <= '2025-06-30';","SELECT * FROM public.mv_pengawasan WHERE kesimpulan_penilaian_pusat = 'TMK' AND tgl_start >= '2025-01-01' AND tgl_end <= '2025-06-30';",""
"64","v3","Tampilkan data hasil pengawasan iklan berdasarkan hasil verifikasi balai TMK yang statusnya belum ada tanggal direktur (belum selesai) pada tahun 2025","Tampilkan data hasil pengawasan iklan berdasarkan hasil verifikasi <HALL NAME> yang statusnya belum ada tanggal direktur (belum selesai) pada tahun <YEAR>","-","select mp.tgl_start, mp.id, mp.komoditi, mp.nama_balai, mp.nama_produk, mp.media_iklan, mp.kesimpulan_penilaian_balai from mv_pengawasan mp join mv_pengawasan_timeline mpt on mp.id = mpt.id_pengawasan where mpt.tanggal_kirim_direktur is null and mp.kesimpulan_penilaian_balai = 'TMK' and extract(year from mp.tgl_start) = 2025 order by 1, 2, 3, 4, 5, 6","select mp.tgl_start, mp.id, mp.komoditi, mp.nama_balai, mp.nama_produk, mp.media_iklan, mp.kesimpulan_penilaian_balai from mv_pengawasan mp join mv_pengawasan_timeline mpt on mp.id = mpt.id_pengawasan where mpt.tanggal_kirim_direktur is null and mp.kesimpulan_penilaian_balai = 'TMK' and extract(year from mp.tgl_start) = 2025 order by 1, 2, 3, 4, 5, 6",""
"65","v3","Tampilkan data hasil pengawasan TMK berdasarkan klausul pelanggaran secara keseluruhan, masing-masing UPT, media iklan pada komoditi pangan dan rentang waktu 2025","Tampilkan data hasil pengawasan TMK berdasarkan klausul pelanggaran secara keseluruhan, masing-masing UPT, media iklan pada <COMMODITY NAME> dan rentang waktu <YEAR>","-","select mp.nama_balai, mp.media_iklan, mpk.id_klasifikasi, mpk.keterangan_ketidaksesuaian, mp.kesimpulan_penilaian_balai, count(*) from mv_pengawasan mp join mv_pengawasan_ketidaksesuaian mpk on mp.id = mpk.id_pengawasan where lower(mp.komoditi) like '%produk pangan%' and extract(year from mp.tgl_end) = 2025 and lower(mp.kesimpulan_penilaian_balai) like '%tmk%' group by 1, 2, 3, 4, 5 order by 1, 2, 3, 4, 5;","select mp.nama_balai, mp.media_iklan, mpk.id_klasifikasi, mpk.keterangan_ketidaksesuaian, mp.kesimpulan_penilaian_balai, count(*) from mv_pengawasan mp join mv_pengawasan_ketidaksesuaian mpk on mp.id = mpk.id_pengawasan where lower(mp.komoditi) like '%produk pangan%' and extract(year from mp.tgl_end) = 2025 and lower(mp.kesimpulan_penilaian_balai) like '%tmk%' group by 1, 2, 3, 4, 5 order by 1, 2, 3, 4, 5;",""
"66","v3","tampilkan data iklan yang dilaporkan mk/tmk dari masing-masing upt yang dikategorikan berdasarkan nama produk, industri farmasi, media publikasi, dan golongan obat dengan status selesai pada rentang w","tampilkan data iklan yang dilaporkan mk/tmk dari masing-masing upt yang dikategorikan berdasarkan <PRODUCT NAME>, <CLASSIFICATION>, <CLASSIFICATION>, dan <CLASSIFICATION> dengan status <CONCLUSION TYP","-","SELECT nama_balai, nama_produk, pendaftar, media_iklan, komoditi FROM public.mv_pengawasan WHERE kesimpulan_penilaian_pusat IN ('MK', 'TMK') and komoditi IN ('KOSMETIKA','OBAT','OBAT KUASI','OBAT TRADISIONAL (OT)','SUPLEMEN KESEHATAN') AND tgl_start >= '2024-06-25' AND tgl_end <= '2024-06-30'","SELECT nama_balai, nama_produk, pendaftar, media_iklan, komoditi FROM public.mv_pengawasan WHERE kesimpulan_penilaian_pusat IN ('MK', 'TMK') and komoditi IN ('KOSMETIKA','OBAT','OBAT KUASI','OBAT TRADISIONAL (OT)','SUPLEMEN KESEHATAN') AND tgl_start >= '2024-06-25' AND tgl_end <= '2024-06-30'",""
"67","v3","Tampilkan data ketepatan waktu pelaporan oleh UPT yang dihitung berdasarkan laporan yang dikirimkan tanggal kepala balai sebelum batas tanggal 9 bulan berikutnya untuk tahun 2025","Tampilkan data ketepatan waktu pelaporan oleh UPT yang dihitung berdasarkan laporan yang dikirimkan tanggal kepala balai sebelum batas tanggal <MONTH> bulan berikutnya untuk tahun <YEAR>","-","SELECT mp.nama_balai, COUNT(*) AS jumlah_laporan, SUM( CASE WHEN mpt.tanggal_kirim_kabalai < (DATE_TRUNC('month', mp.tgl_start) + INTERVAL '1 month' + INTERVAL '8 day') THEN 1 ELSE 0 END ) AS laporan_tepat_waktu, ROUND( SUM( CASE WHEN mpt.tanggal_kirim_kabalai < (DATE_TRUNC('month', mp.tgl_start) + INTERVAL '1 month' + INTERVAL '8 day') THEN 1 ELSE 0 END )::DECIMAL / COUNT(*) * 100, 2 ) AS persentase_tepat_waktu FROM mv_pengawasan mp JOIN mv_pengawasan_timeline mpt ON mp.id = mpt.id_pengawasan WHERE EXTRACT(YEAR FROM mpt.tanggal_kirim_kabalai) = 2025 GROUP BY mp.nama_balai ORDER BY mp.nama_balai;","SELECT mp.nama_balai, COUNT(*) AS jumlah_laporan, SUM( CASE WHEN mpt.tanggal_kirim_kabalai < (DATE_TRUNC('month', mp.tgl_start) + INTERVAL '1 month' + INTERVAL '8 day') THEN 1 ELSE 0 END ) AS laporan_tepat_waktu, ROUND( SUM( CASE WHEN mpt.tanggal_kirim_kabalai < (DATE_TRUNC('month', mp.tgl_start) + INTERVAL '1 month' + INTERVAL '8 day') THEN 1 ELSE 0 END )::DECIMAL / COUNT(*) * 100, 2 ) AS persentase_tepat_waktu FROM mv_pengawasan mp JOIN mv_pengawasan_timeline mpt ON mp.id = mpt.id_pengawasan WHERE EXTRACT(YEAR FROM mpt.tanggal_kirim_kabalai) = 2025 GROUP BY mp.nama_balai ORDER BY mp.nama_balai;",""
"68","v3","tampilkan data label yang dilaporkan mk/tmk dari masing-masing upt yang dikategorikan berdasarkan nama produk, jenis pangan, kategori pangan, produsen, kabupaten/provinsi produsen, pada rentang waktu ","tampilkan data label yang dilaporkan <CONCLUSION TYPE> dari masing-masing upt yang dikategorikan berdasarkan <PRODUCT NAME>, <COMMODITY NAME>, <CLASSIFICATION>, <COMPANY NAME>, <REGENCY NAME>/<PROVINC","-","SELECT nama_balai, nama_produk, komoditi, pendaftar, kesimpulan_penilaian_akhir, tgl_start, tgl_end FROM public.mv_pengawasan WHERE kesimpulan_penilaian_akhir IN ('MK', 'TMK') AND tgl_start <= '2025-12-31' AND tgl_end >= '2025-01-01' ORDER BY nama_balai, nama_produk, komoditi, pendaftar;","SELECT nama_balai, nama_produk, komoditi, pendaftar, kesimpulan_penilaian_akhir, tgl_start, tgl_end FROM public.mv_pengawasan WHERE kesimpulan_penilaian_akhir IN ('MK', 'TMK') AND tgl_start <= '2025-12-31' AND tgl_end >= '2025-01-01' ORDER BY nama_balai, nama_produk, komoditi, pendaftar;",""
"69","v3","tampilkan data materi iklan berdasarkan nama produk 'buah' dan nama industri farmasi 'nutrifood' dari masing-masing upt.","tampilkan data materi iklan berdasarkan nama produk '<PRODUCT NAME>' dan nama industri farmasi '<COMPANY NAME>' dari masing-masing upt.","-","SELECT * FROM public.mv_pengawasan WHERE lower(nama_produk) like '%buah%' AND lower(pendaftar) like '%nutrifood%';","SELECT * FROM public.mv_pengawasan WHERE lower(nama_produk) like '%buah%' AND lower(pendaftar) like '%nutrifood%';",""
"70","v3","Tampilkan data pemenuhan timeline pengawasan oleh masing-masing UPT yang dapat diukur sejak tanggal pemeriksaan sampai dengan tanggal laporan dikirim ke Pusat oleh Kepala UPT","Tampilkan data pemenuhan timeline pengawasan oleh masing-masing UPT yang dapat diukur sejak tanggal pemeriksaan sampai dengan tanggal laporan dikirim ke Pusat oleh Kepala UPT","-","select id_pengawasan, tgl_start, mpt.tanggal_kirim_pusat, (mpt.mulai_kabalai + mpt.kabalai_direktur + mpt.direktur_pusat) as durasi_hari from mv_pengawasan_timeline mpt where mpt.tanggal_kirim_pusat is not null order by 2","select id_pengawasan, tgl_start, mpt.tanggal_kirim_pusat, (mpt.mulai_kabalai + mpt.kabalai_direktur + mpt.direktur_pusat) as durasi_hari from mv_pengawasan_timeline mpt where mpt.tanggal_kirim_pusat is not null order by 2",""
"71","v3","Tampilkan data pemenuhan timeline untuk masing-masing laporan pengawasan iklan yang dihitung dari tanggal kepala balai hingga tanggal direktur","Tampilkan data pemenuhan timeline untuk masing-masing laporan pengawasan iklan yang dihitung dari tanggal <HALL NAME> hingga tanggal direktur","-","select id_pengawasan, tanggal_kirim_kabalai , tanggal_kirim_direktur, (mpt.kabalai_direktur) as durasi_hari from mv_pengawasan_timeline mpt where tanggal_kirim_direktur is not null order by 2","select id_pengawasan, tanggal_kirim_kabalai , tanggal_kirim_direktur, (mpt.kabalai_direktur) as durasi_hari from mv_pengawasan_timeline mpt where tanggal_kirim_direktur is not null order by 2",""
"72","v3","Tampilkan data pemenuhan timeline untuk masing-masing laporan pengawasan iklan yang dihitung dari tanggal sampling/pemeriksaan hingga tanggal direktur","Tampilkan data pemenuhan timeline untuk masing-masing laporan pengawasan iklan yang dihitung dari tanggal sampling/pemeriksaan hingga tanggal direktur","-","select id_pengawasan, tgl_start, tanggal_kirim_direktur, (mpt.mulai_kabalai + mpt.kabalai_direktur) as durasi_hari from mv_pengawasan_timeline mpt where tanggal_kirim_direktur is not null order by 2","select id_pengawasan, tgl_start, tanggal_kirim_direktur, (mpt.mulai_kabalai + mpt.kabalai_direktur) as durasi_hari from mv_pengawasan_timeline mpt where tanggal_kirim_direktur is not null order by 2",""
"73","v3","tampilkan data upt yang tidak melaporkan hasil pengawasan iklan dengan hasil verifikasi balai tmk pada tahun 2023.","tampilkan data upt yang tidak melaporkan hasil pengawasan iklan dengan hasil verifikasi balai tmk pada tahun <YEAR>.","-","SELECT DISTINCT nama_balai FROM public.mv_pengawasan WHERE nama_balai NOT IN ( SELECT DISTINCT nama_balai FROM public.mv_pengawasan WHERE kesimpulan_penilaian_balai = 'TMK' AND EXTRACT(YEAR FROM tgl_start) = 2023 );","SELECT DISTINCT nama_balai FROM public.mv_pengawasan WHERE nama_balai NOT IN ( SELECT DISTINCT nama_balai FROM public.mv_pengawasan WHERE kesimpulan_penilaian_balai = 'TMK' AND EXTRACT(YEAR FROM tgl_start) = 2023 );",""
"74","v3","tampilkan data upt yang tidak melaporkan hasil pengawasan iklan dengan hasil verifikasi balai tmk pada tahun 2023.","tampilkan data upt yang tidak melaporkan hasil pengawasan iklan dengan hasil verifikasi balai tmk pada tahun <YEAR>.","-","SELECT DISTINCT nama_balai FROM public.mv_pengawasan WHERE nama_balai NOT IN ( SELECT DISTINCT nama_balai FROM public.mv_pengawasan WHERE kesimpulan_penilaian_balai = 'TMK' AND EXTRACT(YEAR FROM tgl_start) = 2023 );","SELECT DISTINCT nama_balai FROM public.mv_pengawasan WHERE nama_balai NOT IN ( SELECT DISTINCT nama_balai FROM public.mv_pengawasan WHERE kesimpulan_penilaian_balai = 'TMK' AND EXTRACT(YEAR FROM tgl_start) = 2023 );",""
"75","v3","tampilkan data upt yang tidak melaporkan hasil pengawasan iklan pada media cetak / media luar ruang pada tahun 2022.","tampilkan data upt yang tidak melaporkan hasil pengawasan iklan pada media cetak / media luar ruang pada tahun <YEAR>.","-","SELECT DISTINCT nama_balai FROM public.mv_pengawasan WHERE nama_balai NOT IN ( SELECT DISTINCT nama_balai FROM public.mv_pengawasan WHERE media_iklan IN ('CETAK', 'MEDIA_LUARRUANG') AND EXTRACT(YEAR FROM tgl_start) = 2022 );","SELECT DISTINCT nama_balai FROM public.mv_pengawasan WHERE nama_balai NOT IN ( SELECT DISTINCT nama_balai FROM public.mv_pengawasan WHERE media_iklan IN ('CETAK', 'MEDIA_LUARRUANG') AND EXTRACT(YEAR FROM tgl_start) = 2022 );",""
"76","v3","tampilkan data upt yang tidak melaporkan hasil pengawasan iklan pada media cetak / media luar ruang pada tahun 2022.","tampilkan data upt yang tidak melaporkan hasil pengawasan iklan pada media cetak / media luar ruang pada tahun <YEAR>.","-","SELECT DISTINCT nama_balai FROM public.mv_pengawasan WHERE nama_balai NOT IN ( SELECT DISTINCT nama_balai FROM public.mv_pengawasan WHERE media_iklan IN ('CETAK', 'MEDIA_LUARRUANG') AND EXTRACT(YEAR FROM tgl_start) = 2022 );","SELECT DISTINCT nama_balai FROM public.mv_pengawasan WHERE nama_balai NOT IN ( SELECT DISTINCT nama_balai FROM public.mv_pengawasan WHERE media_iklan IN ('CETAK', 'MEDIA_LUARRUANG') AND EXTRACT(YEAR FROM tgl_start) = 2022 );",""
"77","v3","tampilkan data upt yang tidak melaporkan iklan obat tradisional; suplemen kesehatan; obat kuasi pada tahun 2023.","tampilkan data upt yang tidak melaporkan <COMMODITY NAME>; <COMMODITY NAME>; <COMMODITY NAME> pada tahun <YEAR>.","-","SELECT DISTINCT nama_balai FROM public.mv_pengawasan WHERE nama_balai NOT IN ( SELECT DISTINCT nama_balai FROM public.mv_pengawasan WHERE komoditi IN ('OBAT KUASI','OBAT TRADISIONAL (OT)','SUPLEMEN KESEHATAN') AND EXTRACT(YEAR FROM tgl_start) = 2023 );","SELECT DISTINCT nama_balai FROM public.mv_pengawasan WHERE nama_balai NOT IN ( SELECT DISTINCT nama_balai FROM public.mv_pengawasan WHERE komoditi IN ('OBAT KUASI','OBAT TRADISIONAL (OT)','SUPLEMEN KESEHATAN') AND EXTRACT(YEAR FROM tgl_start) = 2023 );",""
"78","v3","Tampilkan jumlah iklan tepat waktu yang telah dikirimkan ke pusat pada UPT tertentu pada tahun 2025 Hasil pengawasan iklan dikirimkan ke pusat maksimal tanggal 10 bulan berikutnya","Tampilkan jumlah iklan tepat waktu yang telah dikirimkan ke pusat pada UPT tertentu pada tahun <YEAR> Hasil pengawasan iklan dikirimkan ke pusat maksimal tanggal 10 <MONTH>","-","SELECT mp.nama_balai, COUNT(*) AS jumlah_laporan, SUM( CASE WHEN mpt.tanggal_kirim_kabalai < (DATE_TRUNC('month', mp.tgl_start) + INTERVAL '1 month' + INTERVAL '9 day') THEN 1 ELSE 0 END ) AS laporan_tepat_waktu, ROUND( SUM( CASE WHEN mpt.tanggal_kirim_kabalai < (DATE_TRUNC('month', mp.tgl_start) + INTERVAL '1 month' + INTERVAL '9 day') THEN 1 ELSE 0 END )::DECIMAL / COUNT(*) * 100, 2 ) AS persentase_tepat_waktu FROM mv_pengawasan mp JOIN mv_pengawasan_timeline mpt ON mp.id = mpt.id_pengawasan WHERE EXTRACT(YEAR FROM mpt.tanggal_kirim_kabalai) = 2025 GROUP BY mp.nama_balai ORDER BY mp.nama_balai;","SELECT mp.nama_balai, COUNT(*) AS jumlah_laporan, SUM( CASE WHEN mpt.tanggal_kirim_kabalai < (DATE_TRUNC('month', mp.tgl_start) + INTERVAL '1 month' + INTERVAL '9 day') THEN 1 ELSE 0 END ) AS laporan_tepat_waktu, ROUND( SUM( CASE WHEN mpt.tanggal_kirim_kabalai < (DATE_TRUNC('month', mp.tgl_start) + INTERVAL '1 month' + INTERVAL '9 day') THEN 1 ELSE 0 END )::DECIMAL / COUNT(*) * 100, 2 ) AS persentase_tepat_waktu FROM mv_pengawasan mp JOIN mv_pengawasan_timeline mpt ON mp.id = mpt.id_pengawasan WHERE EXTRACT(YEAR FROM mpt.tanggal_kirim_kabalai) = 2025 GROUP BY mp.nama_balai ORDER BY mp.nama_balai;",""
"79","v3","tampilkan list data lokasi iklan yang diperiksa lebih dari sekali","tampilkan list data <CLASSIFICATION> yang diperiksa lebih dari sekali","-","SELECT lokasi_iklan FROM public.mv_pengawasan GROUP BY lokasi_iklan HAVING COUNT(*) > 1;","SELECT lokasi_iklan FROM public.mv_pengawasan GROUP BY lokasi_iklan HAVING COUNT(*) > 1;",""
"80","v3","tampilkan persentase kategori pangan yang tmk pada rentang waktu 2025 (baik secara nasional maupun per upt).","tampilkan persentase <CLASSIFICATION> yang tmk pada rentang waktu <YEAR> (baik secara nasional maupun per upt).","-","SELECT kesimpulan_penilaian_pusat, COUNT(*) AS jumlah_laporan, ROUND(100.0 * COUNT(*) / SUM(COUNT(*)) OVER (), 2) AS persentase -- 0–100 FROM mv_pengawasan WHERE komoditi ='PRODUK PANGAN' AND tgl_start >= DATE '2025-01-01' AND tgl_end < DATE '2026-01-01' -- half-open range, covers all of 2025 GROUP BY kesimpulan_penilaian_pusat ORDER BY jumlah_laporan DESC;","SELECT kesimpulan_penilaian_pusat, COUNT(*) AS jumlah_laporan, ROUND(100.0 * COUNT(*) / SUM(COUNT(*)) OVER (), 2) AS persentase -- 0–100 FROM mv_pengawasan WHERE komoditi ='PRODUK PANGAN' AND tgl_start >= DATE '2025-01-01' AND tgl_end < DATE '2026-01-01' -- half-open range, covers all of 2025 GROUP BY kesimpulan_penilaian_pusat ORDER BY jumlah_laporan DESC;",""
"81","v3","tampilkan persentase media iklan (dibandingkan seluruh iklan yang diawasi pada rentang waktu tertentu) yang diawasi pada upt dengan nama 'balai pom di jakarta' pada rentang waktu antara tanggal '2025-","tampilkan persentase media iklan (dibandingkan seluruh iklan yang diawasi pada rentang waktu tertentu) yang diawasi pada upt dengan nama '<HALL NAME>' pada rentang waktu antara tanggal '2025-01-01' da","-","SELECT media_iklan, COUNT(*) AS jumlah_laporan, ROUND(100.0 * COUNT(*) / SUM(COUNT(*)) OVER (), 2) AS persentase -- 0–100 FROM mv_pengawasan WHERE nama_balai = 'BALAI BESAR POM DI JAKARTA' AND tgl_start >= DATE '2025-01-01' AND tgl_end < DATE '2026-01-01' -- half-open range, covers all of 2025 GROUP BY media_iklan ORDER BY jumlah_laporan DESC;","SELECT media_iklan, COUNT(*) AS jumlah_laporan, ROUND(100.0 * COUNT(*) / SUM(COUNT(*)) OVER (), 2) AS persentase -- 0–100 FROM mv_pengawasan WHERE nama_balai = 'BALAI BESAR POM DI JAKARTA' AND tgl_start >= DATE '2025-01-01' AND tgl_end < DATE '2026-01-01' -- half-open range, covers all of 2025 GROUP BY media_iklan ORDER BY jumlah_laporan DESC;",""
"82","v3","Tampilkan persentase penilaian UPT (MK, TMK, TMK Mayor, TMK Minor) untuk komoditi pangan pada tiap UPT","Tampilkan persentase penilaian UPT (MK, TMK, TMK Mayor, TMK Minor) untuk komoditi <COMMODITY NAME> pada tiap UPT","-","WITH data_penilaian AS ( SELECT mp.nama_balai, UPPER(mp.kesimpulan_penilaian_balai) AS kesimpulan_penilaian, COUNT(*) AS jumlah FROM mv_pengawasan mp WHERE LOWER(mp.komoditi) LIKE '%pangan%' AND mp.kesimpulan_penilaian_pusat IS NOT NULL AND mp.kesimpulan_penilaian_balai IS NOT NULL GROUP BY mp.nama_balai, UPPER(mp.kesimpulan_penilaian_balai) ) SELECT dp.nama_balai, dp.kesimpulan_penilaian, dp.jumlah, ROUND( (dp.jumlah::decimal / NULLIF(SUM(dp.jumlah) OVER (PARTITION BY dp.nama_balai), 0)) * 100, 2 ) AS persentase FROM data_penilaian dp ORDER BY dp.nama_balai, persentase DESC;","WITH data_penilaian AS ( SELECT mp.nama_balai, UPPER(mp.kesimpulan_penilaian_balai) AS kesimpulan_penilaian, COUNT(*) AS jumlah FROM mv_pengawasan mp WHERE LOWER(mp.komoditi) LIKE '%pangan%' AND mp.kesimpulan_penilaian_pusat IS NOT NULL AND mp.kesimpulan_penilaian_balai IS NOT NULL GROUP BY mp.nama_balai, UPPER(mp.kesimpulan_penilaian_balai) ) SELECT dp.nama_balai, dp.kesimpulan_penilaian, dp.jumlah, ROUND( (dp.jumlah::decimal / NULLIF(SUM(dp.jumlah) OVER (PARTITION BY dp.nama_balai), 0)) * 100, 2 ) AS persentase FROM data_penilaian dp ORDER BY dp.nama_balai, persentase DESC;",""
"83","v3","Tampilkan rekapitulasi jumlah laporan pengawasan iklan obat masing-masing UPT yang telah dikirim Pusat (berdasarkan tanggal kepala balai) pada tahun 2025","Tampilkan rekapitulasi jumlah laporan pengawasan iklan obat masing-masing UPT yang telah dikirim Pusat (berdasarkan tanggal kepala balai) pada tahun <YEAR>","-","select mpt.tanggal_kirim_kabalai, mp.nama_balai, mp.komoditi, count(*) from mv_pengawasan mp join mv_pengawasan_timeline mpt on mp.id = mpt.id_pengawasan where lower(komoditi) like '%obat%' and extract(year from mp.tgl_start) = 2025 and mpt.tanggal_kirim_kabalai is not null group by 1, 2, 3 order by 1, 2, 3","select mpt.tanggal_kirim_kabalai, mp.nama_balai, mp.komoditi, count(*) from mv_pengawasan mp join mv_pengawasan_timeline mpt on mp.id = mpt.id_pengawasan where lower(komoditi) like '%obat%' and extract(year from mp.tgl_start) = 2025 and mpt.tanggal_kirim_kabalai is not null group by 1, 2, 3 order by 1, 2, 3",""
"84","v3","tampilkan tren data hasil pengawasan iklan obat pada rentang tahun 2024-2025 berdasarkan hasil verifikasi pusat mk/tmk.","tampilkan tren data hasil pengawasan iklan obat pada rentang tahun <YEAR>-<YEAR> berdasarkan hasil verifikasi pusat mk/tmk.","-","SELECT EXTRACT(YEAR FROM tgl_start) AS year, kesimpulan_penilaian_pusat, COUNT(*) AS total_count FROM public.mv_pengawasan WHERE komoditi IN ('OBAT', 'OBAT KUASI', 'OBAT TRADISIONAL (OT)') AND kesimpulan_penilaian_pusat IN ('MK', 'TMK') AND EXTRACT(YEAR FROM tgl_start) BETWEEN 2024 AND 2025 GROUP BY year, kesimpulan_penilaian_pusat ORDER BY year, kesimpulan_penilaian_pusat;","SELECT EXTRACT(YEAR FROM tgl_start) AS year, kesimpulan_penilaian_pusat, COUNT(*) AS total_count FROM public.mv_pengawasan WHERE komoditi IN ('OBAT', 'OBAT KUASI', 'OBAT TRADISIONAL (OT)') AND kesimpulan_penilaian_pusat IN ('MK', 'TMK') AND EXTRACT(YEAR FROM tgl_start) BETWEEN 2024 AND 2025 GROUP BY year, kesimpulan_penilaian_pusat ORDER BY year, kesimpulan_penilaian_pusat;",""
"85","v3","tampilkan tren data hasil pengawasan iklan obat tradisional; suplemen kesehatan; obat kuasi pada rentang tahun 2024-2025 berdasarkan hasil verifikasi pusat mk/tmk","tampilkan tren data hasil pengawasan iklan <COMMODITY NAME>; <COMMODITY NAME>; <COMMODITY NAME> pada rentang tahun <YEAR> berdasarkan hasil verifikasi pusat mk/tmk","-","SELECT EXTRACT( YEAR FROM tgl_start ) AS tahun, kesimpulan_penilaian_pusat, COUNT(*) AS jumlah_pengawasan FROM public.mv_pengawasan WHERE komoditi IN ('OBAT TRADISIONAL (OT)', 'SUPLEMEN KESEHATAN', 'OBAT KUASI') AND EXTRACT( YEAR FROM tgl_start ) BETWEEN 2024 AND 2025 AND kesimpulan_penilaian_pusat IN ('MK', 'TMK') GROUP by kesimpulan_penilaian_pusat, tahun ORDER by kesimpulan_penilaian_pusat, tahun;","SELECT EXTRACT( YEAR FROM tgl_start ) AS tahun, kesimpulan_penilaian_pusat, COUNT(*) AS jumlah_pengawasan FROM public.mv_pengawasan WHERE komoditi IN ('OBAT TRADISIONAL (OT)', 'SUPLEMEN KESEHATAN', 'OBAT KUASI') AND EXTRACT( YEAR FROM tgl_start ) BETWEEN 2024 AND 2025 AND kesimpulan_penilaian_pusat IN ('MK', 'TMK') GROUP by kesimpulan_penilaian_pusat, tahun ORDER by kesimpulan_penilaian_pusat, tahun;",""
"86","v3","tampilkan tren data hasil pengawasan iklan pangan (mk/tmk) pada rentang tahun 2025 berdasarkan hasil verifikasi upt","tampilkan tren data hasil pengawasan iklan pangan (mk/tmk) pada rentang tahun <YEAR> berdasarkan hasil verifikasi upt","-","select EXTRACT(YEAR FROM tgl_start) AS tahun, EXTRACT(MONTH FROM tgl_start) AS bulan, kesimpulan_penilaian_balai, COUNT(*) AS jumlah_pengawasan FROM public.mv_pengawasan WHERE lower(komoditi) like '%produk pangan%' AND EXTRACT(YEAR FROM tgl_start) = 2025 GROUP BY 1, 2, 3 ORDER BY 1, 2, 3;","select EXTRACT(YEAR FROM tgl_start) AS tahun, EXTRACT(MONTH FROM tgl_start) AS bulan, kesimpulan_penilaian_balai, COUNT(*) AS jumlah_pengawasan FROM public.mv_pengawasan WHERE lower(komoditi) like '%produk pangan%' AND EXTRACT(YEAR FROM tgl_start) = 2025 GROUP BY 1, 2, 3 ORDER BY 1, 2, 3;",""
"87","v3","tampilkan tren data hasil pengawasan iklan pangan (mk/tmk) pada rentang tahun 2025 berdasarkan hasil verifikasi upt","tampilkan tren data hasil pengawasan iklan pangan (mk/tmk) pada rentang tahun <YEAR> berdasarkan hasil verifikasi upt","-","select EXTRACT(YEAR FROM tgl_start) AS tahun, EXTRACT(MONTH FROM tgl_start) AS bulan, kesimpulan_penilaian_balai, COUNT(*) AS jumlah_pengawasan FROM public.mv_pengawasan WHERE lower(komoditi) like '%produk pangan%' AND EXTRACT(YEAR FROM tgl_start) = 2025 GROUP BY 1, 2, 3 ORDER BY 1, 2, 3;","select EXTRACT(YEAR FROM tgl_start) AS tahun, EXTRACT(MONTH FROM tgl_start) AS bulan, kesimpulan_penilaian_balai, COUNT(*) AS jumlah_pengawasan FROM public.mv_pengawasan WHERE lower(komoditi) like '%produk pangan%' AND EXTRACT(YEAR FROM tgl_start) = 2025 GROUP BY 1, 2, 3 ORDER BY 1, 2, 3;",""
"88","v3","tampilkan visualisasi data berupa urutan data yang paling besar dari hasil pengawasan label pangan yang dilaporkan tmk dari masing-masing upt yang dikategorikan berdasarkan nama produk, jenis pangan, ","tampilkan visualisasi data berupa urutan data yang paling besar dari hasil pengawasan label pangan yang dilaporkan tmk dari masing-masing upt yang dikategorikan berdasarkan nama produk, jenis pangan, ","-","SELECT nama_balai, nama_produk, COUNT(*) AS jumlah_tmk_laporan FROM public.mv_pengawasan WHERE kesimpulan_penilaian_akhir = 'TMK' AND EXTRACT(YEAR FROM tgl_start) = 2025 GROUP BY nama_balai, nama_produk ORDER BY jumlah_tmk_laporan DESC;","SELECT nama_balai, nama_produk, COUNT(*) AS jumlah_tmk_laporan FROM public.mv_pengawasan WHERE kesimpulan_penilaian_akhir = 'TMK' AND EXTRACT(YEAR FROM tgl_start) = 2025 GROUP BY nama_balai, nama_produk ORDER BY jumlah_tmk_laporan DESC;",""
